0,LZGZ
1,ELCC
2,WKQZ
3,EAAS
4,KFRK
5,OZLY
6,PBGN
7,LCKK
8,IPIV
9,WTTQ
10,UGNG
11,LAQN
12,YFSD
13,SPTE
14,PGIV
15,ZUXV
16,WYKQ
17,AEAB
18,ACLY
19,QAZS
20,FTDY
21,FKZO
22,XGEV
23,OGWA
24,DXYN
25,STTS
26,OICO
27,XTII
28,GWKE
29,EFRR
30,EIXT
31,HVFO
32,MHOJ
33,ZCGT
34,HIMS
35,CFNP
36,LOZY
37,YHKG
38,AWNZ
39,EHNE
40,JJZD
41,VTST
42,YZGE
43,ZJLQ
44,AVYB
45,ZBRD
46,UYAZ
47,QYVF
48,LQRI
49,XNHJ
50,QBNT
51,VRXN
52,MWCR
53,VWUQ
54,EZJD
55,DVDG
56,ZXNL
57,ULQR
58,ZVNR
59,ACKP
60,VQVX
61,LOCG
62,TBDU
63,YSXP
64,BDWL
65,ECHQ
66,KVZA
67,NQMJ
68,ZUPN
69,VOHR
70,HLFP
71,ITCS
72,HBJF
73,PHWP
74,RARD
75,UEPV
76,FXNS
77,TRVP
78,MTBZ
79,JUKM
80,OCJS
81,DXPX
82,ORRG
83,AXVX
84,EEDY
85,LUKI
86,DIKP
87,JHLP
88,QMAT
89,RBUG
90,DODE
91,NEJG
92,NQHS
93,ICEI
94,FSAL
95,EERS
96,KQDA
97,VDPR
98,DUKZ
99,EKPP
100,CUSQ
101,FXDJ
102,XOPU
103,IJZP
104,LKNV
105,LYNV
106,XEFT
107,KRMW
108,YHFL
109,RZLX
110,ZUOM
111,LOYX
112,VPBO
113,LRNQ
114,WXIO
115,IKPD
116,CXXE
117,YRHY
118,AJSX
119,JBVQ
120,TXYM
121,GTFG
122,CPVL
123,FUUJ
124,BCBD
125,XDPY
126,KICM
127,EUVI
128,QLSB
129,HZKD
130,QZNB
131,MTEJ
132,YPUF
133,HDKD
134,OHCF
135,IFNE
136,EILQ
137,KZUJ
138,GNRK
139,XKFP
140,MVZD
141,FBZQ
142,VGJD
143,WSXS
144,SGUU
145,LEUJ
146,TWKI
147,FODE
148,PWXI
149,DPAE
150,PHLG
151,ZTLD
152,HFKP
153,ZRSF
154,PUBZ
155,QLPD
156,ESZT
157,TTHO
158,QWHV
159,ABHA
160,RTCB
161,RWRO
162,YWTU
163,ACET
164,ZHZQ
165,PFBK
166,WEJI
167,HEIJ
168,JOGQ
169,SPFX
170,YOSM
171,FTWU
172,XKOJ
173,HVIW
174,BIOV
175,VWXX
176,VBRH
177,YHDV
178,OTVV
179,OXAH
180,KKYQ
181,DLVS
182,IQGG
183,WOJR
184,VIIO
185,LLPH
186,KYGZ
187,PAHS
188,OUXN
189,JIKN
190,JSHX
191,USMZ
192,ISEO
193,ETEQ
194,NIHV
195,LVVR
196,SGAE
197,AFEE
198,KNXY
199,RNAY
200,UJVD
201,MRMT
202,WXNL
203,OALP
204,HQJW
205,GLQG
206,EWEB
207,ZXCY
208,OBNG
209,NDZJ
210,NXLO
211,YJEX
212,TREK
213,IIYO
214,MOAA
215,NFRT
216,KVLO
217,VKZV
218,YAAB
219,AMZO
220,OMGC
221,ZRWJ
222,XFVI
223,HKHM
224,IVXA
225,XLJW
226,QDFI
227,NXPJ
228,NLCB
229,KGQY
230,RTOH
231,KCWR
232,UGGY
233,CIFC
234,NLTE
235,OOLO
236,JNLL
237,JLTM
238,YHEJ
239,COJG
240,PVNW
241,ACOY
242,UFCJ
243,CNVY
244,DCVK
245,SQUL
246,UTIB
247,TPTE
248,OCRW
249,NZAQ
250,LFCY
251,ETZY
252,FKOC
253,CKWS
254,TPPX
255,MHRA
256,TRMY
257,UQWD
258,EYOX
259,QNDQ
260,VLMX
261,HUPO
262,BHDE
263,FMVE
264,HAVZ
265,HFXI
266,BVFL
267,YGEQ
268,AIRT
269,LKAT
270,WZZD
271,KINA
272,OVLW
273,HPKA
274,RTQP
275,AUVF
276,TAUA
277,UISR
278,QTPW
279,PIXC
280,MAFA
281,UOKM
282,MRZI
283,MMVY
284,XKFH
285,KVJO
286,YZQN
287,DQYK
288,TUXG
289,NFKK
290,BVMB
291,KSFB
292,MVZV
293,ULAH
294,IVPE
295,BOBS
296,AWJE
297,NZDB
298,VLMS
299,ZPIT
300,YGWE
301,YFAL
302,MCUE
303,OFHG
304,XTUG
305,WRAD
306,YMGF
307,KVDW
308,YBLS
309,DWVN
310,CFBN
311,STLW
312,SYYR
313,MPKB
314,QCJY
315,XPCH
316,KPZU
317,ZBVP
318,TRIH
319,UJZT
320,RUUH
321,XNCB
322,XLDL
323,KFBV
324,IDJW
325,RDXE
326,LCSB
327,ZCVH
328,HEJI
329,MMIJ
330,IWAN
331,BNPI
332,HJQW
333,NYQW
334,IUOG
335,MHBI
336,FOBY
337,GDRX
338,NPKY
339,BPVM
340,OAHP
341,UUWS
342,ZWUE
343,TBPR
344,GVWA
345,VIZZ
346,BFRB
347,CJZV
348,VSQW
349,OSRF
350,EQUD
351,GJKI
352,ADGY
353,UWGO
354,FKVC
355,HHOY
356,JBDO
357,SPRX
358,BSSO
359,ZDGP
360,CFOT
361,TYBL
362,RUZN
363,TOIH
364,UESI
365,CDYN
366,CNJP
367,DWCR
368,VCVG
369,BJGM
370,EZYM
371,GLVB
372,WVFV
373,YCJT
374,MMEA
375,RJOV
376,VZNH
377,ACPB
378,UQFR
379,UJBV
380,HRYI
381,USED
382,BBPA
383,DPZE
384,IDQS
385,ABHT
386,HXUM
387,PSYA
388,YABR
389,QLJQ
390,MODZ
391,OEPZ
392,CLKM
393,OJEK
394,YXQZ
395,OSSQ
396,EWVP
397,YTNL
398,NGBG
399,IUZH
400,AMUS
401,YDDS
402,SJGV
403,VJEF
404,OUDW
405,XWGN
406,SKOU
407,IZZN
408,NYJT
409,ROKH
410,MVDS
411,YNMR
412,XJCP
413,HZDC
414,LSCN
415,MTVN
416,AAKO
417,CLBQ
418,TGBR
419,UNZE
420,EVBV
421,AZIU
422,NJZD
423,LHMH
424,LTKH
425,NANO
426,BFPH
427,FBSI
428,MHKA
429,OBDJ
430,EKLB
431,HVTC
432,JSMM
433,CYWL
434,XZTO
435,TSXL
436,GJRZ
437,RMWI
438,HIQH
439,GFSF
440,HWQH
441,SEKV
442,BBMG
443,EGTP
444,LAHF
445,YTCO
446,YQKP
447,VMDP
448,PBTT
449,RIZX
450,YRNG
451,HKCF
452,KJFA
453,YJDH
454,IAPB
455,BMAU
456,HQJQ
457,BIRT
458,HNAX
459,TEZF
460,DPMU
461,XKUL
462,WWOO
463,ZVRH
464,MPDC
465,HEJE
466,NYWP
467,JNDD
468,JIAJ
469,JZSZ
470,LTIR
471,HIAN
472,YBHG
473,YGCK
474,ZCCF
475,BTZW
476,WNFU
477,EBVH
478,DPKU
479,VZJG
480,KAWM
481,YFCP
482,DDKX
483,EYFM
484,LFQI
485,GJLE
486,HHSY
487,XEAE
488,MRVO
489,QMHL
490,GTOD
491,TFAN
492,ETFX
493,TERY
494,BPVG
495,KSIN
496,AWAS
497,QOFJ
498,MLDZ
499,JLZL
500,QNJX
501,FIKV
502,GMLV
503,CJPH
504,UONA
505,BPSL
506,BHVE
507,PGPK
508,CFTJ
509,IWJH
510,ZYIA
511,XNBE
512,CAXX
513,WUKX
514,GQIG
515,BHQK
516,PNPT
517,HJJX
518,RKGS
519,GFTH
520,EGUC
521,LJGQ
522,KGLI
523,IVRD
524,GCNG
525,NURY
526,NFPP
527,AOFR
528,YFFR
529,AFMH
530,RQLR
531,SUFD
532,GUZV
533,NFXI
534,STUB
535,EJHT
536,MFGV
537,BQZL
538,AUKY
539,SOFF
540,NRBH
541,XYQM
542,YPZO
543,DHHD
544,GUZC
545,ODHP
546,PDTO
547,BNYW
548,RWBN
549,HCKE
550,BTIX
551,FOAR
552,CAZM
553,NGDL
554,HDZH
555,BZFD
556,TXET
557,GVCO
558,WIPA
559,DTBZ
560,CDXS
561,GMHV
562,NMFK
563,PERB
564,PXVU
565,KEKW
566,LVNF
567,RQHU
568,ZRIU
569,SJRR
570,SRLN
571,HJXK
572,XSBJ
573,MFAT
574,YXHC
575,ZEOH
576,OPFH
577,UURB
578,AQSE
579,BAUM
580,UJTG
581,UYGN
582,OYTZ
583,EJDP
584,AUXO
585,RUIT
586,SJTB
587,HJEQ
588,ABNQ
589,PEDN
590,UTYC
591,INYI
592,DBQQ
593,BFLF
594,CFZM
595,JMQD
596,PASZ
597,RZLJ
598,XLYU
599,BFOS
600,AALA
601,ISGV
602,LUME
603,MSMZ
604,ELUR
605,YMRQ
606,KYMR
607,VGVX
608,CSRC
609,NFXR
610,XKFP
611,XZFI
612,SFEL
613,KGQA
614,COZM
615,OHOZ
616,CFDH
617,GLGB
618,MQPH
619,ELZP
620,EYDE
621,WQQD
622,GZXZ
623,BMPQ
624,TLYD
625,JWWG
626,VXMD
627,FMUI
628,GFLE
629,SNAO
630,YHIP
631,DYYB
632,PMWY
633,PTZP
634,YRKS
635,UXIC
636,IJXW
637,STWR
638,PLHV
639,WNYT
640,TKXL
641,LOVM
642,ZENE
643,VXAF
644,RIGO
645,HUJL
646,DKPL
647,SPLW
648,TSXG
649,WNZT
650,UMGG
651,UYBJ
652,WOAY
653,NWEB
654,TBBC
655,CCTM
656,EDIJ
657,IZHV
658,KQEU
659,TLZA
660,HMPN
661,IQUP
662,PGJW
663,NIFZ
664,GUQA
665,QOHK
666,GWRC
667,PDZE
668,TQQH
669,LWJQ
670,DJRI
671,KREV
672,DTDZ
673,CDJI
674,CHTB
675,WQVF
676,JKLV
677,BCTP
678,WNBL
679,IIFV
680,XZQW
681,MAEE
682,JIWX
683,NGDZ
684,NYZA
685,CUCJ
686,CUHA
687,PWLD
688,NICH
689,EVYH
690,HBCL
691,XYEL
692,IJQG
693,OKNW
694,VOLT
695,WOLL
696,CFNC
697,YCOW
698,XYVU
699,LDNB
700,YHVF
701,CNGL
702,IJOJ
703,HUCG
704,QUAJ
705,WOXC
706,LNGC
707,BQLA
708,WVTO
709,PETK
710,EVTY
711,XBDD
712,KVCR
713,HZKO
714,AZAV
715,PLTW
716,ODIQ
717,XRLN
718,XYYL
719,WWLM
720,FZPG
721,BTHJ
722,ACVY
723,FMPV
724,GMIG
725,NXQZ
726,OGSD
727,JBAK
728,HYNP
729,GWVO
730,UOOW
731,YPYA
732,ZQWB
733,CEEL
734,LQZB
735,BQPO
736,BGJV
737,ROVK
738,ABQC
739,MAFO
740,RXER
741,DRCI
742,BUKF
743,YKMQ
744,GFNT
745,HPJA
746,WKGE
747,PDHP
748,EZJI
749,ZNJF
750,RJTL
751,DNTX
752,ZTKA
753,UNRK
754,AEPD
755,YXQS
756,RCKY
757,RAGK
758,TNHX
759,YDTF
760,VPUP
761,ECFI
762,OSWA
763,YRDO
764,FUGE
765,ZFRV
766,RLKG
767,CDZJ
768,QQXV
769,LIAG
770,IGEZ
771,BGEO
772,HTDZ
773,MCKA
774,CYZI
775,QHUE
776,CBYM
777,ANOW
778,JFJL
779,JDCF
780,BFEA
781,DMCN
782,VRDV
783,LQZJ
784,ZCEN
785,TBMC
786,CBML
787,HTLI
788,NNRK
789,YKTL
790,RBQO
791,KJMH
792,WCVZ
793,TNXO
794,VXAP
795,TLMW
796,RSCU
797,OEEM
798,QWWN
799,PDOQ
800,VLPD
801,BANE
802,TKRO
803,DRXG
804,YUYA
805,SNKJ
806,AIBY
807,TFTF
808,ALDU
809,LMZD
810,HJFJ
811,LGHC
812,BWCE
813,VPAU
814,WOFE
815,IKPY
816,KFJH
817,WNLC
818,UHGB
819,HHKD
820,SWJD
821,KYQD
822,CFIR
823,ZUVO
824,RIDX
825,GKJF
826,TEQU
827,CFIZ
828,FGGP
829,AMHD
830,URSM
831,JFKO
832,XNUO
833,CEDA
834,WRDD
835,PZWD
836,JUFF
837,GEWF
838,SEHP
839,HLKZ
840,QSGX
841,TTWL
842,IFIR
843,ZQMG
844,IOTG
845,BNPY
846,AGMQ
847,XCEL
848,TALW
849,SVSN
850,RQZU
851,HMON
852,EGIL
853,VWZE
854,ANDJ
855,BROL
856,XBSK
857,JNBH
858,BKPR
859,KYVK
860,ZJCY
861,LFCK
862,TJJN
863,FDDP
864,ODRV
865,KDTY
866,ABIF
867,ZKDW
868,WLWN
869,PUJI
870,ARHI
871,JMJW
872,FAZQ
873,ZNNB
874,WGXS
875,FZGP
876,RTTC
877,PKXR
878,PXQV
879,AECE
880,IANV
881,IGOR
882,DFAM
883,CXUS
884,ZAAB
885,DIMP
886,XBLO
887,DGKB
888,ODHK
889,QKOL
890,HRWA
891,JNWW
892,KBHR
893,XBRE
894,LCVY
895,HECC
896,VWUD
897,ERZV
898,AKWF
899,TEHS
900,OFEO
901,NYQT
902,RXTF
903,CRML
904,FQII
905,XCWM
906,NFPH
907,VHPH
908,EJLT
909,WLRU
910,VFDK
911,GTZT
912,BPPR
913,ICXZ
914,ITLQ
915,VBOS
916,JCPK
917,WWGD
918,VPJB
919,IEXB
920,ZCGF
921,SLQZ
922,SVVB
923,XZYQ
924,LDTN
925,VNID
926,AGEM
927,TEAA
928,DJDD
929,ZVMS
930,ZSHK
931,BAXL
932,LCRS
933,WSZB
934,MZGT
935,OFNS
936,DOMI
937,LNPP
938,WQES
939,ZQEN
940,KOCT
941,LZXC
942,WFFO
943,UKEB
944,TDSM
945,NNVX
946,XHGA
947,KVKC
948,LKQM
949,WECC
950,ORKH
951,GLSA
952,VTYX
953,MVPB
954,SMGD
955,EVKE
956,NUUX
957,XDNE
958,ISSH
959,JPDA
960,IUEQ
961,POZX
962,JWPQ
963,SRZJ
964,FVZS
965,JHJO
966,SDGS
967,SDSG
968,NWXH
969,OFHL
970,SJRY
971,CMWK
972,QGFC
973,GPMQ
974,NUFO
975,DZJP
976,XFIV
977,EYEC
978,MIVH
979,FWQM
980,UMSM
981,TJQE
982,RHRL
983,UPNL
984,KOWJ
985,UABC
986,GCWC
987,VAUS
988,DDHY
989,AFSZ
990,JJVB
991,SJWZ
992,DUEB
993,XNCJ
994,EAYE
995,OHNM
996,WWQZ
997,SABN
998,TLMA
999,BQEB
1000,XCAH
1001,PVDJ
1002,ABUZ
1003,HJJN
1004,AGUS
1005,HGXF
1006,OMJU
1007,ORGX
1008,CPZK
1009,SKNH
1010,ILCA
1011,AIKU
1012,CCAA
1013,OFRZ
1014,YQJM
1015,MULC
1016,ZYGD
1017,XYDP
1018,IKKR
1019,CPLS
1020,HXAF
1021,ZMPM
1022,GOVS
1023,ZPBX
1024,WXYI
1025,IIUW
1026,ZKJQ
1027,RAMU
1028,QDFX
1029,RIZV
1030,JJGM
1031,CDOJ
1032,JSUV
1033,BWHQ
1034,LZRJ
1035,OVZT
1036,TWVU
1037,PZZM
1038,DXLX
1039,YIZO
1040,NTHQ
1041,LCTW
1042,TXIF
1043,ZYHA
1044,DFRS
1045,UIJH
1046,ASUQ
1047,HODM
1048,ZVWG
1049,BJIY
1050,EJKX
1051,YGTU
1052,MTQO
1053,AMVS
1054,YMJM
1055,OOZT
1056,RMLT
1057,FJGA
1058,ONJI
1059,QMPG
1060,JWBZ
1061,ECDI
1062,KXVG
1063,MORG
1064,EZHK
1065,EZCA
1066,VVHD
1067,NWLD
1068,FQPM
1069,QWID
1070,BGZI
1071,VLLK
1072,QTHN
1073,XZKE
1074,FNQX
1075,TGKK
1076,XCLH
1077,FMII
1078,HEVH
1079,MDBD
1080,GIQK
1081,NWFF
1082,MDBA
1083,YHQV
1084,XBCJ
1085,NCVX
1086,UHAC
1087,XKOD
1088,OARL
1089,UGMN
1090,FONV
1091,WNPW
1092,QOFA
1093,MJBF
1094,ELML
1095,VXHR
1096,JYLJ
1097,WJCI
1098,XAEX
1099,CBDB
1100,GIVF
1101,ILYF
1102,JLJH
1103,RLZR
1104,LFQN
1105,CCKG
1106,HANQ
1107,QZEC
1108,ONLU
1109,GJND
1110,EVHT
1111,XYWE
1112,NWLM
1113,OJCF
1114,RIIO
1115,YCHK
1116,UKPO
1117,ZZPD
1118,EXUN
1119,KHDM
1120,IBIL
1121,EUFI
1122,LGLX
1123,SOGV
1124,EECC
1125,FLID
1126,RPSV
1127,CXJT
1128,PUBH
1129,AIYW
1130,ELYO
1131,DBPV
1132,KCYF
1133,FFZI
1134,BOGC
1135,VCOM
1136,BWFE
1137,CFCO
1138,ORWT
1139,HMJU
1140,WZHU
1141,ZGFR
1142,MHTH
1143,CETR
1144,BYLR
1145,IKGH
1146,KYFC
1147,BXJS
1148,JZWL
1149,OJGG
1150,WJRB
1151,GISO
1152,OITJ
1153,BIVY
1154,YEQH
1155,ZQDC
1156,SRSB
1157,FJVF
1158,UECK
1159,IXRC
1160,VABT
1161,ZNVU
1162,JXCD
1163,BOFI
1164,FIVE
1165,FWQY
1166,SSSF
1167,MACZ
1168,NDBQ
1169,THNG
1170,VGMW
1171,YXZP
1172,HDBA
1173,SPKP
1174,EOUE
1175,EGIB
1176,XRFY
1177,VMJW
1178,OKIH
1179,KQTX
1180,FYNP
1181,VGQU
1182,IFBQ
1183,WKVO
1184,TSIE
1185,YROB
1186,MTUK
1187,NQTZ
1188,GTPJ
1189,OVYU
1190,WIEK
1191,YBPN
1192,JGJS
1193,JCZB
1194,BMHD
1195,MTEK
1196,LRMP
1197,TWLC
1198,FPQP
1199,TUJE
1200,NFWB
1201,WAZV
1202,GKPJ
1203,RIDV
1204,MXYM
1205,FUWA
1206,YAYZ
1207,QITQ
1208,VAUM
1209,HRBB
1210,PMAM
1211,WYLD
1212,NMUC
1213,ATJF
1214,ATRU
1215,ANTQ
1216,UITB
1217,BDNW
1218,ELAF
1219,RCBG
1220,JRSK
1221,IURE
1222,RCCI
1223,PNUP
1224,DTEP
1225,QNOL
1226,FLSP
1227,ZMIM
1228,EDBO
1229,PJVA
1230,ADHT
1231,XDDC
1232,PLKL
1233,WTYO
1234,PIQQ
1235,UCTK
1236,MVYN
1237,YVOT
1238,ZQBF
1239,LGVF
1240,AOGT
1241,OTKB
1242,VFGK
1243,UJVG
1244,RLRK
1245,HCFW
1246,FFBU
1247,FGDK
1248,IVYR
1249,RYXZ
1250,DPXF
1251,LRPT
1252,PGWK
1253,USLG
1254,GKYS
1255,KGLM
1256,NZNJ
1257,QXCK
1258,PMLK
1259,ILHI
1260,BXQF
1261,AKBP
1262,RSSJ
1263,ZHGB
1264,MASB
1265,ZYFV
1266,HBJW
1267,SLCY
1268,CBLV
1269,YJON
1270,IPAN
1271,VKDO
1272,TFWI
1273,RYHZ
1274,VJQL
1275,SLEY
1276,WZBG
1277,SDQK
1278,WZUI
1279,RJXG
1280,MJOU
1281,PZUG
1282,ZKWT
1283,JHZP
1284,KRDC
1285,AOIC
1286,ODFA
1287,AYSY
1288,QJJL
1289,HJTG
1290,YZZF
1291,TJQJ
1292,CXCR
1293,GCKJ
1294,JWBT
1295,ZGLZ
1296,CEGL
1297,RWMX
1298,XWXI
1299,OFLC
1300,VSSZ
1301,EGXJ
1302,NMXX
1303,SVIA
1304,RLBC
1305,LAGF
1306,EPHT
1307,IKCH
1308,HRYT
1309,HNMJ
1310,OCFS
1311,AOUC
1312,PAVA
1313,KQVX
1314,IOTH
1315,RFYH
1316,IGYI
1317,UYWP
1318,TDMS
1319,OPGG
1320,ZAMS
1321,TKDB
1322,NOHJ
1323,TRKC
1324,OBOY
1325,VFEW
1326,JPHF
1327,GVAI
1328,RBZN
1329,OYKP
1330,PGVJ
1331,PYEI
1332,GVCI
1333,EYIW
1334,IEWD
1335,QOFK
1336,JLSL
1337,AZSA
1338,IBNU
1339,FDBU
1340,HGBQ
1341,ZIUX
1342,GHYF
1343,DZBB
1344,ITZM
1345,LHVL
1346,QFML
1347,FJAM
1348,FLQL
1349,KXTI
1350,MURF
1351,RTYE
1352,UBSR
1353,PTYJ
1354,OEFH
1355,SHXM
1356,WYJS
1357,KKUY
1358,QNTT
1359,TGCM
1360,SWHC
1361,QGUW
1362,KYWB
1363,YEXW
1364,KIER
1365,OPQN
1366,QVCQ
1367,QFCZ
1368,QKDG
1369,FRBV
1370,NNGT
1371,WKNB
1372,TNYE
1373,KPAD
1374,FCMP
1375,MXLT
1376,TTSY
1377,MPLH
1378,KKRO
1379,FJZF
1380,BKFG
1381,QILN
1382,XPZN
1383,HSJW
1384,JPGH
1385,APCV
1386,YAKV
1387,MWXK
1388,UJUI
1389,MTXO
1390,UWLD
1391,VHHJ
1392,QRZF
1393,TCSP
1394,GONW
1395,NCVM
1396,VWRH
1397,PQRU
1398,WSSY
1399,IBBB
1400,FKCE
1401,SOVB
1402,BCSA
1403,EDSO
1404,VHNA
1405,UNBC
1406,DQPZ
1407,GMMQ
1408,GTYK
1409,QEPF
1410,IBVQ
1411,KWLA
1412,EORN
1413,WJIV
1414,JCTW
1415,PWGH
1416,ONIH
1417,VRPP
1418,PSEG
1419,BHLZ
1420,BWRW
1421,ACNU
1422,UWGA
1423,ZBKW
1424,ERBJ
1425,BDIW
1426,RMOV
1427,WFPU
1428,TXBQ
1429,TEBC
1430,PWZX
1431,TNJJ
1432,DIHX
1433,VWDC
1434,JLVE
1435,UMCT
1436,TNYS
1437,NTVD
1438,RTAU
1439,DNUN
1440,ZGIQ
1441,ZILT
1442,LNOL
1443,UNTS
1444,MRBZ
1445,GKKZ
1446,KUEY
1447,FYGN
1448,FYVB
1449,QJCY
1450,QYVK
1451,PAMT
1452,PTCI
1453,XYKQ
1454,STDO
1455,FFWM
1456,WCWD
1457,AGBW
1458,SZQP
1459,GJST
1460,ZXCA
1461,HSXX
1462,OOVO
1463,SHJZ
1464,DKHU
1465,IPOY
1466,DDNX
1467,EIIR
1468,IEAK
1469,UJRI
1470,TSXB
1471,FSJW
1472,RSFR
1473,JIOA
1474,CTXC
1475,ZFKO
1476,KREW
1477,PHWY
1478,GKWL
1479,UJBE
1480,CSNE
1481,NBLK
1482,NFPN
1483,INJL
1484,XXPJ
1485,GEDR
1486,MOYI
1487,NVLK
1488,ZWAC
1489,WTAO
1490,ILTT
1491,LGLP
1492,FEPI
1493,YBAX
1494,YLVL
1495,XJVN
1496,AHKC
1497,ZVVX
1498,BKKN
1499,ACQM
1500,UIXO
1501,CJMM
1502,FQHG
1503,QWFJ
1504,NPSS
1505,XZSX
1506,HURT
1507,UHHW
1508,GFPG
1509,QWEY
1510,LPCY
1511,PZHB
1512,BGSE
1513,KJRI
1514,RKBZ
1515,PSWZ
1516,JDJS
1517,TEXG
1518,AFAX
1519,ALLD
1520,NKMN
1521,GLDX
1522,UDAC
1523,QKDH
1524,IEPB
1525,DEKJ
1526,UJKF
1527,ZHWV
1528,PCQO
1529,DKBZ
1530,PLGM
1531,KMIJ
1532,XWXS
1533,EDJR
1534,AOHF
1535,WQSV
1536,MERV
1537,RZUB
1538,NVFI
1539,LAWW
1540,TAQD
1541,OCPS
1542,QBGK
1543,NLCE
1544,UBCL
1545,UGBA
1546,NYPW
1547,OGND
1548,QLVM
1549,OKGU
1550,EQSG
1551,LBOI
1552,EQGO
1553,KWBX
1554,MAAZ
1555,QPKB
1556,IDUB
1557,PUPN
1558,FZSL
1559,ZBGS
1560,TBMR
1561,QHWJ
1562,HYYD
1563,MPRZ
1564,OXVZ
1565,KLKZ
1566,MSEB
1567,HYXA
1568,ZMSB
1569,RCNR
1570,LHSO
1571,PKQA
1572,VAYJ
1573,KZIS
1574,DYFX
1575,EPKF
1576,XOIA
1577,FXPQ
1578,VBTO
1579,NCQM
1580,AINH
1581,FJTY
1582,ABXX
1583,OXBA
1584,CGXN
1585,UYOP
1586,KSYL
1587,HIQB
1588,DEPS
1589,DEIU
1590,ANJQ
1591,WUJW
1592,ABQK
1593,IQQY
1594,ZULT
1595,WHIL
1596,TYAT
1597,TDQF
1598,EVNN
1599,MKWJ
1600,CKTB
1601,IFDE
1602,PFVZ
1603,ESJF
1604,XNND
1605,EUWV
1606,UPFM
1607,CBDN
1608,XEJH
1609,IEPD
1610,HBFQ
1611,TLKK
1612,JLBE
1613,MPMN
1614,CLUP
1615,VQMB
1616,ZKAF
1617,IKTO
1618,MUUV
1619,FMSC
1620,RWDH
1621,UFWQ
1622,EJPS
1623,ENSO
1624,ACBM
1625,TSKM
1626,LIIM
1627,BLQP
1628,DDOJ
1629,XNMV
1630,IRUN
1631,YZRW
1632,XHKY
1633,QFMR
1634,MPPR
1635,XOQD
1636,QNBN
1637,IWJI
1638,OLMH
1639,KXFZ
1640,TGEP
1641,ENKW
1642,DVQJ
1643,AKYI
1644,INLH
1645,TSTX
1646,GRNQ
1647,SZDQ
1648,LBVJ
1649,BAHP
1650,UZQA
1651,ISKT
1652,PGEZ
1653,KNSA
1654,OREY
1655,TPXD
1656,IEBM
1657,IFFI
1658,UXSF
1659,MAXY
1660,FBFD
1661,IQQT
1662,YJWG
1663,ZRRH
1664,FWKP
1665,GQEN
1666,YJFX
1667,NOZO
1668,WFIA
1669,XCBA
1670,ZAYA
1671,NNNI
1672,BVAC
1673,BACX
1674,WFFY
1675,EDYC
1676,DRVJ
1677,YSZT
1678,TPOO
1679,CWVF
1680,JBTA
1681,EVRR
1682,NDFM
1683,NIYY
1684,MFXD
1685,GUMG
1686,XYUP
1687,ICKO
1688,SSFC
1689,ZLJZ
1690,PYNA
1691,LXKU
1692,WGUE
1693,AULO
1694,GTAB
1695,NOQJ
1696,BVAQ
1697,HAQC
1698,REBZ
1699,KQDZ
1700,QOUF
1701,VIYO
1702,YETI
1703,ELIJ
1704,FWJE
1705,YXDQ
1706,UJUZ
1707,JFHN
1708,APRS
1709,GWUO
1710,HISN
1711,UKOC
1712,TLAT
1713,EQRR
1714,RQOV
1715,DNWT
1716,NUFA
1717,DUSR
1718,BTVZ
1719,ZVRW
1720,ROAH
1721,LCDA
1722,ZFBP
1723,NKEX
1724,AWEF
1725,BFRX
1726,FCCD
1727,BXQB
1728,DUAB
1729,ODSW
1730,CKEI
1731,NVPO
1732,HDKF
1733,BJZC
1734,DFUO
1735,IJWC
1736,QUYX
1737,DOMW
1738,WUXY
1739,FLCP
1740,JTSR
1741,UOLE
1742,KCYY
1743,EXHR
1744,GCVX
1745,PRWA
1746,URTI
1747,APYK
1748,SMMH
1749,QFPD
1750,ABZA
1751,HAHU
1752,UDJP
1753,WYJT
1754,GFAU
1755,VEQN
1756,BNMY
1757,BXZZ
1758,JQYZ
1759,WXLF
1760,MMCP
1761,WVIG
1762,DMOL
1763,UCDZ
1764,TWPY
1765,HPFS
1766,TYFY
1767,MBWJ
1768,ZYJD
1769,UTSV
1770,TRGL
1771,BIRP
1772,YRFY
1773,GOWP
1774,IZIA
1775,LRER
1776,AHJD
1777,YYYD
1778,AMOX
1779,OORR
1780,JZVV
1781,ORFG
1782,NQIF
1783,DABF
1784,KYEV
1785,GMLB
1786,YZLD
1787,OSVN
1788,TTFC
1789,LEWM
1790,LLFV
1791,EFNP
1792,DEUX
1793,UQPY
1794,JICZ
1795,KYUT
1796,FNOT
1797,XVJE
1798,KWTY
1799,PEHI
1800,QKXU
1801,FZSG
1802,PGYE
1803,RXPL
1804,YGHX
1805,WJVY
1806,LUHQ
1807,DNCY
1808,UFMY
1809,EMTN
1810,SJLO
1811,VIWJ
1812,MNTL
1813,REKP
1814,HMKL
1815,UNRG
1816,KVTS
1817,RDHH
1818,ZFPX
1819,FQRP
1820,MVDQ
1821,VOFV
1822,DKBB
1823,GZFV
1824,TDQC
1825,IEUZ
1826,JXNH
1827,DZXV
1828,RQRS
1829,MHIX
1830,UMUD
1831,HYEH
1832,NDWK
1833,TXTC
1834,EXQJ
1835,RSXP
1836,CEQH
1837,IAXT
1838,DBPN
1839,PRPP
1840,VNIX
1841,ASDK
1842,KJKN
1843,XZGF
1844,CPGX
1845,WWPV
1846,LGBE
1847,STAX
1848,PWMQ
1849,TJPX
1850,ACYH
1851,RQMT
1852,VSEL
1853,ITPW
1854,KRMT
1855,PSXP
1856,RXCN
1857,WUQS
1858,LIAK
1859,RQBA
1860,ETOE
1861,KCOW
1862,HBCS
1863,DGIF
1864,EOIU
1865,TYEA
1866,KHNQ
1867,TBFK
1868,IHFO
1869,YAPP
1870,SPWF
1871,DFFD
1872,QFJS
1873,PTUP
1874,RTMG
1875,PLME
1876,WHAO
1877,TXYW
1878,NCYG
1879,TMQA
1880,PDYP
1881,AKTH
1882,MKXH
1883,DZEQ
1884,PJGN
1885,IVVQ
1886,PUGI
1887,WUFI
1888,WZTA
1889,IUFK
1890,DKDE
1891,ZMRC
1892,LFEF
1893,CLQT
1894,DYJN
1895,SGKF
1896,BNWU
1897,MOJL
1898,OKJS
1899,OEBP
1900,UJRW
1901,RDZT
1902,NJLO
1903,PDUZ
1904,ZBZK
1905,VJQG
1906,EJJG
1907,TLTF
1908,FJFC
1909,LYNW
1910,YAHU
1911,CUTK
1912,CPMQ
1913,JVFD
1914,HGKF
1915,EPYT
1916,YNGL
1917,GITJ
1918,ASUU
1919,LNDG
1920,GLVY
1921,YDJW
1922,WIZW
1923,LEAG
1924,TSBK
1925,XOCW
1926,ZNQO
1927,CTAR
1928,PCPT
1929,SRPT
1930,VHEE
1931,IQBK
1932,YYDO
1933,VONQ
1934,CJNX
1935,XLGH
1936,VOZV
1937,QVOT
1938,NDVJ
1939,GLMT
1940,HOUD
1941,WWQA
1942,BKMX
1943,LWFR
1944,BWKX
1945,YPQR
1946,PZUZ
1947,JAZO
1948,THHB
1949,ONZM
1950,HSUX
1951,EYGY
1952,OOHO
1953,MVYU
1954,TIXI
1955,LIOY
1956,PSTU
1957,YIGY
1958,CMBW
1959,IHGM
1960,AFYU
1961,APRT
1962,CRVY
1963,ZICQ
1964,UEQE
1965,CUAV
1966,MDLD
1967,BBZP
1968,WOXN
1969,RRTM
1970,HEZO
1971,TWWX
1972,HMPI
1973,EHAV
1974,CCAN
1975,QZIL
1976,NTRK
1977,TTZR
1978,NZPL
1979,LHZK
1980,CTNX
1981,MBFK
1982,JFWH
1983,LRFZ
1984,AIHH
1985,VXBU
1986,XHFH
1987,NUEA
1988,BASY
1989,YRUS
1990,JRMX
1991,RQSZ
1992,LREX
1993,OEEP
1994,ZLWV
1995,KZDE
1996,HVGD
1997,WPGX
1998,ELUU
1999,GACU
2000,WJBT
2001,DHDU
2002,HOEX
2003,SNJQ
2004,ULES
2005,PQLD
2006,EIRM
2007,ENZD
2008,HPUG
2009,GCYE
2010,AIBN
2011,HRSZ
2012,BNDR
2013,VUHL
2014,RODF
2015,GIZS
2016,JBLU
2017,BVME
2018,OPTD
2019,GUPX
2020,JTJC
2021,MDIP
2022,QGYV
2023,DIRY
2024,AWDN
2025,PECC
2026,RDYN
2027,GEVU
2028,QLYI
2029,HYIC
2030,CQJC
2031,HMRD
2032,NGKW
2033,RUZX
2034,UNQR
2035,DHTW
2036,OKSG
2037,VEEL
2038,ZGRB
2039,LDVG
2040,OJSE
2041,HVUX
2042,NOIT
2043,JDIB
2044,PLJN
2045,AFHB
2046,BHMF
2047,QHUU
2048,AGXO
2049,YIPN
2050,BIZR
2051,GDJT
2052,QVTZ
2053,VMIM
2054,KODG
2055,KCZO
2056,BRWT
2057,HALO
2058,ALTR
2059,MDFW
2060,IVUB
2061,LSAM
2062,TSBU
2063,FNVT
2064,OKVK
2065,XJGW
2066,MRWJ
2067,AGQT
2068,HQYT
2069,LLRL
2070,SZSZ
2071,QDBO
2072,MORR
2073,FIMS
2074,URDD
2075,RZLN
2076,FIOO
2077,TWGK
2078,NVAA
2079,KTDG
2080,TOKN
2081,WXXC
2082,ZONN
2083,GLYE
2084,QIQG
2085,THSQ
2086,SYWF
2087,DOTQ
2088,PQEZ
2089,ZFUC
2090,XCZK
2091,QGBY
2092,UHMK
2093,DZAI
2094,SVKU
2095,BQLK
2096,HDLS
2097,MBJS
2098,VDFW
2099,HNJR
2100,QBPB
2101,KOMZ
2102,THIL
2103,CQPN
2104,DYYE
2105,VMUW
2106,YKDX
2107,CTLX
2108,KVKC
2109,EZUB
2110,GBVO
2111,RBFR
2112,UHTT
2113,YPKD
2114,FNLR
2115,LNTF
2116,YFLW
2117,RLCN
2118,ELNO
2119,RZHU
2120,JUNU
2121,LYFU
2122,IVCA
2123,HKLI
2124,PCVW
2125,YGQB
2126,ICHH
2127,YENK
2128,TBLX
2129,OBSI
2130,UPUQ
2131,AKLB
2132,HYQS
2133,ZXGK
2134,EREC
2135,KEZZ
2136,QKYG
2137,NOGV
2138,HYLH
2139,OWAY
2140,SXKB
2141,FPYO
2142,KDBZ
2143,PNRS
2144,UTKQ
2145,BEPM
2146,XXOU
2147,RPIN
2148,MSNZ
2149,TWLP
2150,ZQSN
2151,DAKU
2152,GSOX
2153,UXDB
2154,GRRN
2155,EDFL
2156,SXXO
2157,LKSV
2158,IRZV
2159,VOTW
2160,VHJA
2161,WWCW
2162,POJM
2163,BBBH
2164,AFOX
2165,RADD
2166,JYCW
2167,UNCJ
2168,AZKN
2169,SURT
2170,JGHV
2171,DZYJ
2172,OPCI
2173,CCAS
2174,KOCE
2175,MOFH
2176,GHND
2177,EBYG
2178,JDUX
2179,MGDT
2180,YIDN
2181,YOWH
2182,HNWS
2183,JYPF
2184,QMNB
2185,TWIF
2186,IRTF
2187,SENS
2188,LHZL
2189,SWIR
2190,ZLEA
2191,QGAG
2192,SFXU
2193,FEJR
2194,OEZR
2195,JTLP
2196,HMNH
2197,IQJX
2198,OAHN
2199,QAWE
2200,CEUP
2201,RBGF
2202,YKHO
2203,UGFU
2204,OBBU
2205,QYSG
2206,LHUF
2207,JKOQ
2208,EBGH
2209,NBFO
2210,BMUZ
2211,GQKL
2212,RAVH
2213,JVYE
2214,OLAP
2215,ADRM
2216,TLEF
2217,LGSL
2218,CNMR
2219,RVQY
2220,MIDC
2221,QALJ
2222,KFQR
2223,DUAB
2224,QKPO
2225,MSLJ
2226,DFYJ
2227,BJFM
2228,XNCJ
2229,MFCO
2230,KQEK
2231,XUCT
2232,NRKH
2233,VWYU
2234,TWLH
2235,ABAU
2236,OUMT
2237,IUUQ
2238,XQJK
2239,YEBV
2240,DJCZ
2241,GJCB
2242,OPVE
2243,CLHV
2244,IYYX
2245,FPKB
2246,VARA
2247,FIES
2248,MFHI
2249,KQQO
2250,XGOZ
2251,MZKZ
2252,FZYP
2253,HOXZ
2254,UFUS
2255,BULY
2256,CFEY
2257,KETS
2258,IAUF
2259,QSQQ
2260,KFGU
2261,WNMM
2262,FUUU
2263,RMTD
2264,JLWO
2265,DZSU
2266,ZILP
2267,QKHX
2268,ACFT
2269,ROER
2270,NHEC
2271,DHDA
2272,OZKB
2273,DSSS
2274,LYBN
2275,TBYG
2276,XVZZ
2277,FLPU
2278,EWXP
2279,BDPM
2280,OUNK
2281,FWXK
2282,ONAA
2283,CBII
2284,DRFI
2285,JNEH
2286,XKRJ
2287,IVEE
2288,RGHT
2289,USFM
2290,HDKV
2291,SBZL
2292,FDIV
2293,HEBW
2294,VKSW
2295,UUCJ
2296,DUHI
2297,HFFE
2298,VSDD
2299,YZUP
2300,CJOK
2301,HOMV
2302,SHTU
2303,CAXP
2304,MHCB
2305,GBFE
2306,TSEM
2307,KYNJ
2308,DDBD
2309,DSZA
2310,ZGBW
2311,KBJN
2312,LFVJ
2313,GJPL
2314,UCOK
2315,NNHQ
2316,XKSN
2317,OZYY
2318,DENZ
2319,SIXE
2320,TUFJ
2321,ITPP
2322,CNBJ
2323,QFXZ
2324,WBSW
2325,RIUD
2326,TCJE
2327,GTBC
2328,EANF
2329,YGKT
2330,ZZTR
2331,FIAO
2332,NWIR
2333,CELU
2334,UQEC
2335,DLHJ
2336,RTEO
2337,MKFG
2338,XILK
2339,BHWP
2340,AZXG
2341,AGYK
2342,QCIR
2343,YEUQ
2344,CPEJ
2345,BLUB
2346,JHFQ
2347,WGOG
2348,LSYU
2349,AQIR
2350,VNCA
2351,TALP
2352,STVC
2353,TNPH
2354,VEBF
2355,LNAD
2356,ZXTX
2357,UPQG
2358,UYIS
2359,BVVA
2360,FREQ
2361,DTYN
2362,UGXA
2363,ONNE
2364,FLRL
2365,AJWF
2366,ZPLI
2367,TEMP
2368,KMBW
2369,CSRE
2370,DWDF
2371,UNPB
2372,SPUG
2373,YUQP
2374,TOFL
2375,TBOO
2376,TZZW
2377,HAXZ
2378,WFYB
2379,ALMJ
2380,MLEW
2381,GWNP
2382,JRDU
2383,TGPY
2384,KYOA
2385,HJUQ
2386,ILKY
2387,WPOU
2388,VHMH
2389,NBPC
2390,EGRC
2391,KOVT
2392,TNAW
2393,NXRL
2394,GGPZ
2395,WPJK
2396,MPKE
2397,PZVO
2398,CWSB
2399,CSNQ
2400,YUWK
2401,KNPM
2402,TIBN
2403,HKTP
2404,WGIG
2405,YDRL
2406,YNII
2407,KRDV
2408,OQYQ
2409,WXTG
2410,QASV
2411,NEMD
2412,XOGH
2413,TENK
2414,XAAZ
2415,FTJH
2416,ESPA
2417,TSPM
2418,SGHY
2419,SYBJ
2420,VHJR
2421,GBJE
2422,ZELQ
2423,DEJC
2424,LOIN
2425,AREJ
2426,JPMV
2427,NDHA
2428,HZOS
2429,RGLY
2430,MAEF
2431,DVDL
2432,SKLE
2433,BRKU
2434,PMCT
2435,TMXF
2436,JKCK
2437,IOUI
2438,XWXB
2439,YYZZ
2440,YVFE
2441,CTAH
2442,BLEH
2443,DRQH
2444,LXMR
2445,MSAA
2446,KEEO
2447,OGSP
2448,CFHY
2449,LEJX
2450,FDVP
2451,FCEE
2452,AEAI
2453,WUJS
2454,FJGW
2455,FUAT
2456,QUHT
2457,NTIE
2458,JAAU
2459,NIJT
2460,RIFF
2461,FBRB
2462,EEXR
2463,XWLP
2464,YGOR
2465,YJXA
2466,NCAK
2467,PTQB
2468,AZMD
2469,PSEG
2470,JEEO
2471,KBWH
2472,RLEH
2473,SIUI
2474,MYQP
2475,ZZDC
2476,KTNI
2477,TRAV
2478,IWJF
2479,ONDR
2480,LCEW
2481,WJWU
2482,OKXG
2483,SUHC
2484,FIEW
2485,WQXO
2486,UYLV
2487,GWYH
2488,FCMX
2489,WJKR
2490,NLBP
2491,AREL
2492,VCKY
2493,GJUL
2494,CLVD
2495,MPNB
2496,ILKV
2497,GPQD
2498,WKMM
2499,GWBQ
2500,HCFV
2501,YUZG
2502,GIVF
2503,DKWU
2504,IOBQ
2505,AJAE
2506,QGPP
2507,IEPO
2508,UJJN
2509,VWPX
2510,IOBU
2511,XBMK
2512,DXOA
2513,GHDG
2514,QDXU
2515,AWFA
2516,DBTU
2517,BBDW
2518,KPTG
2519,AXYW
2520,FUFU
2521,WEJE
2522,CGBV
2523,UBPG
2524,DQKQ
2525,BKQJ
2526,GEQA
2527,QMRW
2528,BXBB
2529,DUKE
2530,OTEQ
2531,XJJY
2532,IPKY
2533,AKAB
2534,PVNG
2535,TLIJ
2536,VRZE
2537,CVGK
2538,FDLK
2539,GHOT
2540,FEKC
2541,WADK
2542,LCXU
2543,ZEMA
2544,YZKO
2545,ZCJE
2546,AKPV
2547,IIDM
2548,JXSY
2549,WUXR
2550,GUZT
2551,NFZG
2552,WACT
2553,QCND
2554,TCFR
2555,MTPQ
2556,FVDO
2557,WMTH
2558,TSMD
2559,NHEB
2560,WEAM
2561,KGSV
2562,LHTF
2563,GLAS
2564,NQYX
2565,CMXL
2566,IWAC
2567,HCWI
2568,TOGJ
2569,MEXW
2570,TYIQ
2571,QJRW
2572,CSNP
2573,KDAQ
2574,BTGM
2575,QABA
2576,ZQYS
2577,ABOI
2578,SFED
2579,RUZX
2580,ACJB
2581,XDPX
2582,SNPJ
2583,GCYS
2584,NCQF
2585,CNTA
2586,ENMX
2587,DOOT
2588,BBYQ
2589,NNUV
2590,LSRB
2591,ZKQT
2592,RJLZ
2593,RWDJ
2594,KVSS
2595,JFTP
2596,AFZC
2597,TLBS
2598,YTST
2599,QFGY
2600,HQKC
2601,GKXC
2602,LECT
2603,OZJX
2604,CTIK
2605,SQXK
2606,ADTM
2607,PBXL
2608,LXNC
2609,EGGF
2610,YLXK
2611,GMVL
2612,NZWT
2613,AOHJ
2614,TJKL
2615,OLJZ
2616,PORW
2617,EASC
2618,EORG
2619,GGEO
2620,FQNZ
2621,FUHE
2622,GRXD
2623,KLWY
2624,XVIJ
2625,HAVZ
2626,NNHH
2627,AATA
2628,QSXT
2629,LTXL
2630,EADY
2631,YHCJ
2632,ALME
2633,LVGY
2634,TZDL
2635,MSUJ
2636,YLDN
2637,DUMD
2638,SQZJ
2639,XGNW
2640,EJVU
2641,UNFA
2642,TTRO
2643,VSTB
2644,FKSC
2645,TTHE
2646,JRJB
2647,WYOW
2648,QRIX
2649,JGHW
2650,NOFJ
2651,CUDN
2652,IEFX
2653,EWQB
2654,FSXX
2655,GAOY
2656,WESP
2657,XOZQ
2658,HVJJ
2659,HDKL
2660,ZAZH
2661,ZESW
2662,ZVHV
2663,ADBC
2664,JLKF
2665,THCB
2666,CVAD
2667,OUJM
2668,PWNB
2669,ZIOY
2670,MAGB
2671,ZNJZ
2672,DMUN
2673,JITR
2674,JMLL
2675,WREB
2676,JXJK
2677,VXHJ
2678,EADJ
2679,JILJ
2680,EONW
2681,JFZI
2682,YYAH
2683,FTUJ
2684,UOHL
2685,CCEN
2686,CEWJ
2687,BAJF
2688,PYIE
2689,BCMG
2690,POIS
2691,CRNS
2692,MYEH
2693,BANM
2694,RVLZ
2695,QZCG
2696,JWTL
2697,SZCK
2698,BUEM
2699,VHEE
2700,ERIS
2701,IYZY
2702,IBTO
2703,ZPLQ
2704,RCGN
2705,KWSP
2706,COIB
2707,IKJC
2708,TVNX
2709,TPYS
2710,HDZJ
2711,ELNM
2712,UOXE
2713,IPPI
2714,BGYB
2715,PZVD
2716,XMRK
2717,SERT
2718,HMLW
2719,AVCJ
2720,KSEN
2721,PIQK
2722,LKZI
2723,CERF
2724,GUQG
2725,RKRR
2726,RNIS
2727,YXDJ
2728,YZNI
2729,XSBX
2730,JQED
2731,ARWO
2732,WNRQ
2733,UXJK
2734,ZIWC
2735,WCYN
2736,FDNO
2737,LXFP
2738,EQAE
2739,BILY
2740,CQEW
2741,KABD
2742,AOKH
2743,TIQT
2744,HHME
2745,GOPZ
2746,RTBS
2747,PXCC
2748,MYSV
2749,DOBP
2750,ZXPK
2751,JAON
2752,IKYT
2753,SPEI
2754,DBCR
2755,OLSZ
2756,PYEL
2757,HHOZ
2758,VILV
2759,EEKD
2760,LGXZ
2761,CKYG
2762,QWBJ
2763,XBXQ
2764,UBYB
2765,XQVS
2766,WRTN
2767,CWSM
2768,GYRP
2769,QCJA
2770,HVAD
2771,AWOS
2772,AHEW
2773,QMGT
2774,SHBB
2775,VEYT
2776,WPDZ
2777,AZSK
2778,LHMT
2779,DQDF
2780,AIQQ
2781,CTLF
2782,RBDR
2783,KRYA
2784,EOQM
2785,VTRK
2786,TWUJ
2787,UNEU
2788,GMUZ
2789,ZOED
2790,FXEZ
2791,RFFG
2792,WFMJ
2793,IAJC
2794,LTBW
2795,BTEJ
2796,VXFU
2797,UFYN
2798,KHZA
2799,TDGY
2800,JKFA
2801,XRNK
2802,VVPE
2803,CAIE
2804,GSKM
2805,IYZP
2806,VDBL
2807,XYMB
2808,IETV
2809,OLUQ
2810,WYTW
2811,RFMG
2812,TOIY
2813,MBOR
2814,TOVA
2815,PUMN
2816,ICEU
2817,UNMV
2818,FPGC
2819,HEKP
2820,CIQF
2821,ZXAJ
2822,HPYT
2823,NDMJ
2824,NRHZ
2825,RNSJ
2826,JTIV
2827,TZIG
2828,YSUT
2829,PEWG
2830,KZUU
2831,FEYG
2832,AAJR
2833,YELU
2834,PDYA
2835,INXH
2836,CJIG
2837,DJVO
2838,PTYR
2839,UKIN
2840,VRUZ
2841,HPWA
2842,QVFR
2843,SWTJ
2844,REML
2845,SBYL
2846,JERI
2847,ZXAT
2848,CEUK
2849,LNPK
2850,ZWQO
2851,DBXO
2852,ZYSM
2853,DBKK
2854,VNEI
2855,ETQO
2856,JBVG
2857,RHJU
2858,KOLO
2859,WNVV
2860,XRHK
2861,BPXZ
2862,AUDA
2863,UVGU
2864,QNDP
2865,CYYF
2866,OQRW
2867,CPXS
2868,KNYL
2869,OXWN
2870,IUVS
2871,PVIU
2872,RAZJ
2873,VNVE
2874,CTQO
2875,FWHH
2876,FFXZ
2877,VZSL
2878,PJFH
2879,FZUV
2880,FSNQ
2881,EPVF
2882,OFBH
2883,VPDU
2884,LOQL
2885,MEIE
2886,ABYP
2887,HIOZ
2888,SIZC
2889,OFQM
2890,STJR
2891,XYSA
2892,EETV
2893,BMYZ
2894,TPTH
2895,TKNJ
2896,BQFR
2897,ZMOT
2898,UXTF
2899,JWJS
2900,FVYZ
2901,WAID
2902,ZAAY
2903,BYZM
2904,WAIF
2905,EEHW
2906,KROH
2907,IXDT
2908,WTDF
2909,SQCR
2910,SFZD
2911,MNAK
2912,ZONY
2913,WWUF
2914,JFGE
2915,IHUA
2916,PONS
2917,FOVP
2918,SPXF
2919,MBUW
2920,EUOU
2921,CQUG
2922,WJGV
2923,IYRI
2924,WKWT
2925,JBSG
2926,RMLX
2927,QLTS
2928,EICT
2929,OZII
2930,ZRYL
2931,ZJNZ
2932,DETU
2933,FSAD
2934,RLYG
2935,BKBS
2936,XQFQ
2937,XCSO
2938,ZOZE
2939,FFIU
2940,PWBY
2941,XAYN
2942,ZNZE
2943,LOWM
2944,UKSH
2945,FPEB
2946,GDJV
2947,IKWG
2948,RAQU
2949,MPNK
2950,WFTT
2951,HTAH
2952,SINF
2953,UDDO
2954,IDIM
2955,XTHG
2956,NTHI
2957,SHHD
2958,HQYI
2959,JFVR
2960,HIAG
2961,WOYC
2962,QQBW
2963,TKAK
2964,AOOU
2965,YHEI
2966,LCMJ
2967,ECAS
2968,TOMG
2969,FRLZ
2970,SNAM
2971,NNBQ
2972,MKCX
2973,PWBH
2974,QFKO
2975,YDHI
2976,AIAI
2977,EBJG
2978,PGRN
2979,TFIE
2980,GYYB
2981,XMQE
2982,KUDV
2983,HVQU
2984,VTIC
2985,BXYW
2986,TDRS
2987,ZKUT
2988,SQXQ
2989,SXGU
2990,GJRV
2991,PVCD
2992,SPQX
2993,PRFJ
2994,CGIH
2995,MKFN
2996,UAGW
2997,QRVU
2998,XIJT
2999,ITMN
3000,EHCV
3001,YGIE
3002,CUFS
3003,LHPW
3004,ZDAW
3005,YEFS
3006,HSRW
3007,XZTN
3008,NGOA
3009,JUQH
3010,EDOB
3011,YSVE
3012,CPFB
3013,ORJG
3014,BDFH
3015,VSWJ
3016,IXCY
3017,IYKR
3018,VGON
3019,EXBG
3020,PGUC
3021,ADZN
3022,GYUL
3023,JUUP
3024,XVBI
3025,FDPB
3026,MDXD
3027,JGVA
3028,BZHP
3029,QGSO
3030,TWDM
3031,AWSE
3032,GPEB
3033,IBFH
3034,AWZE
3035,RGPL
3036,MYIF
3037,RPAY
3038,QUFX
3039,SWTX
3040,GTPO
3041,WBRY
3042,TCIU
3043,JHPD
3044,XIXV
3045,FIFN
3046,DSAY
3047,CUTP
3048,GGUH
3049,LCRS
3050,KQBN
3051,XPEY
3052,DJKE
3053,AQRF
3054,EQOX
3055,HNUJ
3056,IBCB
3057,JVLJ
3058,WTKM
3059,DTSN
3060,SBDV
3061,LFLA
3062,ZANF
3063,OJCQ
3064,AKFC
3065,CKPI
3066,EYXQ
3067,DQVS
3068,GBSP
3069,VLOP
3070,DSXO
3071,YOJX
3072,KGEG
3073,DJFZ
3074,KZGX
3075,OKHX
3076,SYXE
3077,DKFN
3078,KVUL
3079,XRJI
3080,OCDO
3081,IBPK
3082,TCHB
3083,TNRU
3084,ZVTA
3085,HISF
3086,WDSU
3087,DRWZ
3088,BELN
3089,JFWX
3090,RSHV
3091,WMCO
3092,TECQ
3093,TPGZ
3094,YNCQ
3095,OCJQ
3096,QYHD
3097,YOYG
3098,FYXA
3099,NKIS
3100,RSWD
3101,HMXE
3102,MNTL
3103,ASXD
3104,RUIR
3105,WRJW
3106,QQPZ
3107,XGQB
3108,NFVO
3109,VTYH
3110,QBSV
3111,ORWI
3112,TEVL
3113,JEST
3114,WSLD
3115,HXBG
3116,RGRD
3117,KRFR
3118,BFOT
3119,GQOF
3120,TIWW
3121,HTVF
3122,LBMV
3123,JSKA
3124,DFDE
3125,XKBK
3126,TJQX
3127,UCZA
3128,VKKG
3129,PVGP
3130,PJAR
3131,YWIU
3132,JJCD
3133,MJPY
3134,UYZF
3135,ZCRG
3136,BDJK
3137,FDBW
3138,BTMD
3139,TXGK
3140,YORG
3141,PASI
3142,HEGA
3143,EGRA
3144,BFQS
3145,DBDX
3146,FXYX
3147,LHBL
3148,RDED
3149,HLQK
3150,QDEF
3151,MAKY
3152,JQSR
3153,FGHX
3154,GYZW
3155,AKAN
3156,LQUQ
3157,YXVI
3158,PBBY
3159,HDZT
3160,MKDW
3161,COPF
3162,INFP
3163,BFWW
3164,CMWF
3165,YIBU
3166,ONSZ
3167,WKEX
3168,NKFZ
3169,EAEB
3170,BIMY
3171,PAXH
3172,FSPP
3173,WMMF
3174,DPYO
3175,OGMK
3176,WXZD
3177,UWVH
3178,KVDV
3179,PVOP
3180,OAZL
3181,AIAV
3182,GLPV
3183,DIUR
3184,YRBF
3185,ILTO
3186,ERFR
3187,WEGM
3188,VJWL
3189,FESD
3190,QUHW
3191,HCGB
3192,WPSZ
3193,WFOG
3194,JINB
3195,HZJH
3196,USRZ
3197,BPUP
3198,SZBV
3199,VIAQ
3200,HYZT
3201,XZCP
3202,JINW
3203,PIKR
3204,SFDD
3205,XTPS
3206,CSFB
3207,UPOV
3208,KEAB
3209,KANF
3210,IZKS
3211,QGAW
3212,QSHD
3213,GBEC
3214,QWLI
3215,MNXC
3216,QUJG
3217,JLVF
3218,ZXMB
3219,NQVJ
3220,LUAK
3221,AJAP
3222,TYVY
3223,AFUT
3224,VYVL
3225,DJQC
3226,ZWFD
3227,KFDO
3228,TCNU
3229,DJJS
3230,JRSL
3231,DYII
3232,OONZ
3233,PGCK
3234,FPUN
3235,FKSJ
3236,FFYK
3237,QILK
3238,ZQEV
3239,YQRN
3240,EQCO
3241,BWWW
3242,JLPJ
3243,FXAQ
3244,EVGA
3245,TBQD
3246,QZAU
3247,BNPX
3248,XLOM
3249,SFGJ
3250,WCVW
3251,TPRP
3252,SSBK
3253,XJLW
3254,SETL
3255,KDYG
3256,KZOY
3257,XYTJ
3258,MVOY
3259,ZOSK
3260,XBIL
3261,KXJI
3262,NZKQ
3263,RLLC
3264,GLRO
3265,KHRL
3266,XQKY
3267,EREK
3268,ODEQ
3269,XHMQ
3270,LPBR
3271,ILNH
3272,TTMN
3273,ZXDX
3274,DCHE
3275,NEUI
3276,VCVJ
3277,TCKP
3278,IKAV
3279,BOJD
3280,OTHY
3281,RPNC
3282,UXYW
3283,RZQW
3284,LAKR
3285,KFJG
3286,GZXE
3287,FPFN
3288,UNZB
3289,FKAG
3290,MCSI
3291,XIVZ
3292,SREJ
3293,BABZ
3294,QNML
3295,KKYS
3296,ORXV
3297,ELTP
3298,GYWG
3299,DXRD
3300,BFZS
3301,JRLY
3302,DSGQ
3303,MBIM
3304,LPDB
3305,IBHO
3306,LYXP
3307,ASGB
3308,UDTY
3309,BCHL
3310,WPNK
3311,TETK
3312,TRNF
3313,LSJS
3314,CGQX
3315,FCCY
3316,TSLP
3317,FSAC
3318,IOFJ
3319,QQQE
3320,PGEM
3321,OSKQ
3322,RDTT
3323,BOYR
3324,QSCU
3325,BOFB
3326,UPWA
3327,QODF
3328,CSWA
3329,CUYF
3330,SVUY
3331,RYPL
3332,RCOR
3333,JPXR
3334,ESMD
3335,URAI
3336,IHLX
3337,BTRJ
3338,EVQL
3339,HJCE
3340,LUXA
3341,ZURU
3342,WPLD
3343,IADD
3344,NUYQ
3345,RXDK
3346,AYEL
3347,HFEC
3348,PLTT
3349,HYRO
3350,WHRV
3351,GFGM
3352,FDHJ
3353,RLVX
3354,CYCH
3355,ZVNB
3356,OFMP
3357,UHYY
3358,XEFI
3359,ZJLX
3360,VEPT
3361,QAOP
3362,NOMC
3363,FYWT
3364,LVIX
3365,TIBA
3366,TLWX
3367,TQOM
3368,XCON
3369,LEHB
3370,SHHS
3371,DGMJ
3372,FICA
3373,DGUH
3374,DVVS
3375,IDQL
3376,KVLG
3377,VLBQ
3378,FBDP
3379,ZMCW
3380,GQMT
3381,PFPX
3382,PHPU
3383,GJCX
3384,BWMY
3385,TBUO
3386,FFMV
3387,ULDJ
3388,MFRB
3389,NESM
3390,NKYV
3391,TGBJ
3392,QSBN
3393,ELWI
3394,JRUD
3395,ZRIL
3396,QSDM
3397,DMZL
3398,LLPU
3399,HQLM
3400,ABMC
3401,EVPR
3402,JUGM
3403,SFNO
3404,QMOK
3405,GWCX
3406,UMOP
3407,DENH
3408,RMIE
3409,ZFCW
3410,TFZF
3411,LECU
3412,FQIS
3413,AAWH
3414,OVKL
3415,VJPL
3416,ZYCO
3417,DEIZ
3418,WJQF
3419,IBIV
3420,MCRM
3421,RKUS
3422,EGFF
3423,EOUL
3424,RUJS
3425,GYHO
3426,WDTC
3427,VFJV
3428,UFDL
3429,YJUJ
3430,CWDE
3431,CZSF
3432,HKQW
3433,EMQI
3434,FLMC
3435,KLAZ
3436,BOQV
3437,EERI
3438,LTMY
3439,ECIY
3440,TFUW
3441,HRWW
3442,JKET
3443,VKNZ
3444,VUPF
3445,BPCR
3446,GIXX
3447,CJAB
3448,QUGM
3449,PBNU
3450,ULDQ
3451,WZRV
3452,GGEY
3453,TIUO
3454,HVRS
3455,AUZX
3456,ZQGH
3457,KYVS
3458,FUDJ
3459,MVGP
3460,SUGF
3461,MKLM
3462,ASBY
3463,QUBX
3464,SDEN
3465,MPNU
3466,TTEF
3467,GQMD
3468,WOVT
3469,HSJP
3470,CKUV
3471,YNUQ
3472,BPYY
3473,OSEO
3474,HYVX
3475,GGKV
3476,ATHD
3477,MFDI
3478,CTBS
3479,CSQE
3480,ASCD
3481,WLJR
3482,EUQL
3483,JAJT
3484,KJMA
3485,OXLS
3486,DAYG
3487,RNDL
3488,URXN
3489,MZUS
3490,MESZ
3491,VBZN
3492,QUJE
3493,DTIC
3494,CZXD
3495,YAYZ
3496,ZAFJ
3497,UYEW
3498,CHEB
3499,RJWG
3500,TBHO
3501,NGOT
3502,MCVH
3503,FDFH
3504,ZOCY
3505,UOCX
3506,RTFC
3507,BDUD
3508,KQNG
3509,XPQD
3510,PHYW
3511,BCQU
3512,ZFGQ
3513,WFEU
3514,LYNU
3515,MLBY
3516,PHRB
3517,VOEL
3518,OQGO
3519,EPWN
3520,HIZE
3521,MJPD
3522,GUUL
3523,PZVL
3524,REXS
3525,KZCH
3526,WMIS
3527,VCTU
3528,UXYK
3529,OWNC
3530,AJLI
3531,YSYM
3532,KUXB
3533,GOWP
3534,JFHR
3535,AZFG
3536,XNSR
3537,ZFNK
3538,ZHRG
3539,GIMO
3540,KGXQ
3541,GMRP
3542,SRHC
3543,SELS
3544,ZLEH
3545,NIVI
3546,KBSD
3547,TYZY
3548,IPRF
3549,KYXB
3550,PPTF
3551,IQHR
3552,LASD
3553,XPKS
3554,NPXL
3555,EXIJ
3556,BMPN
3557,ASQY
3558,IMHX
3559,PKIO
3560,QTIE
3561,XJJC
3562,JXLB
3563,SOTD
3564,CZSF
3565,CDLM
3566,AVMP
3567,JUUJ
3568,ILNQ
3569,NSLU
3570,VTTU
3571,LCOW
3572,LZYN
3573,OSES
3574,AGIE
3575,EXIA
3576,SSNS
3577,VAAX
3578,YJRH
3579,CEIH
3580,LHUW
3581,PMDT
3582,DJQH
3583,TJGW
3584,NQLP
3585,XIEH
3586,VPZO
3587,JZHN
3588,QDWN
3589,UKLZ
3590,ONEF
3591,MGWN
3592,YBLF
3593,SIMT
3594,OYZI
3595,BHDX
3596,QVWB
3597,FLWU
3598,HDSL
3599,SMDS
3600,RCJT
3601,YLGR
3602,PJLC
3603,KBOS
3604,ANMN
3605,XCSM
3606,ZRBS
3607,CODM
3608,ODRE
3609,OSNL
3610,QJAY
3611,VHLP
3612,PXMZ
3613,GYMS
3614,IEEU
3615,GOAJ
3616,QRXK
3617,WBAM
3618,OKQM
3619,STXL
3620,ENPP
3621,GFIY
3622,SWBK
3623,JVWI
3624,VUYJ
3625,KQOH
3626,PURQ
3627,VPAV
3628,DJAH
3629,YMGF
3630,WAUK
3631,KQCU
3632,SPJE
3633,XVIF
3634,TAAY
3635,AERN
3636,DOWP
3637,IHIS
3638,CSMJ
3639,YNTJ
3640,CUHF
3641,OMJO
3642,MVTY
3643,FQLY
3644,JWFQ
3645,ZPVL
3646,VHGX
3647,BAFD
3648,KETE
3649,BJPB
3650,NBBA
3651,OSSV
3652,TKAP
3653,HBWP
3654,UJWT
3655,ZJBJ
3656,CXON
3657,AZDN
3658,EYQV
3659,NRGN
3660,ZJQU
3661,NHOE
3662,YBYF
3663,YGNE
3664,EXAU
3665,DPBO
3666,JXNK
3667,ZONR
3668,CIZN
3669,LVRG
3670,LMOY
3671,TKDR
3672,GZKZ
3673,RPQA
3674,PVPR
3675,WHSR
3676,PJMK
3677,HSLL
3678,XDKZ
3679,ZKZE
3680,NOOV
3681,LBYA
3682,EQDT
3683,HKDB
3684,QLDT
3685,WRUG
3686,YRUW
3687,RKVS
3688,SJZB
3689,BZAN
3690,UDWK
3691,AEMY
3692,CVQC
3693,PGTF
3694,EKPG
3695,JRLQ
3696,PFFX
3697,XJDT
3698,XXNF
3699,XFCT
3700,OPDA
3701,IBUQ
3702,WVXQ
3703,ZZCW
3704,JGTA
3705,XZCD
3706,LCNB
3707,ZUMK
3708,EQWE
3709,PJZB
3710,WZQG
3711,DZOK
3712,EVVQ
3713,NDLV
3714,SFYX
3715,TMPK
3716,YEGI
3717,CYRK
3718,XIQD
3719,XMBA
3720,JICP
3721,IXCH
3722,TYYU
3723,IZQZ
3724,GREU
3725,QXEB
3726,AHON
3727,YUZH
3728,WTCH
3729,HCNU
3730,CIWU
3731,ZINN
3732,FUFH
3733,DXJW
3734,TRAV
3735,YCAK
3736,STPX
3737,UBGG
3738,HBPY
3739,KLYG
3740,EDOB
3741,PKYS
3742,IINW
3743,XYTV
3744,NJYF
3745,EKYD
3746,ZIPX
3747,HWTF
3748,KYNS
3749,UBQZ
3750,KWKO
3751,BVRV
3752,ORRM
3753,CBCA
3754,UMFX
3755,EAYG
3756,UNRH
3757,OKPQ
3758,PDBB
3759,OSMN
3760,EAYS
3761,EFOM
3762,FNMR
3763,WGHV
3764,HBQK
3765,AUOK
3766,AHOO
3767,EJVM
3768,DKQJ
3769,FTCK
3770,SVGQ
3771,PNMS
3772,ZFDW
3773,KNYA
3774,QUQF
3775,FOJS
3776,FHOF
3777,YBRM
3778,CCUJ
3779,ERAY
3780,CRIQ
3781,BKJR
3782,DHIE
3783,PWJT
3784,WKIH
3785,PQUS
3786,NRTL
3787,VDCZ
3788,LMUD
3789,YKND
3790,JRNJ
3791,BBHX
3792,LTFE
3793,EEVO
3794,WESQ
3795,PJGS
3796,VPJB
3797,UVWU
3798,XVTX
3799,ZKVJ
3800,OUUQ
3801,SFXL
3802,AYCQ
3803,BTYE
3804,HURC
3805,GBMO
3806,WQRD
3807,NBKB
3808,SEEI
3809,YYHC
3810,VCTV
3811,UADP
3812,MZIS
3813,HAVF
3814,JCFA
3815,VIJI
3816,QLJI
3817,JIEC
3818,FZAU
3819,KVNE
3820,QMVX
3821,CAVO
3822,DPSQ
3823,XUMR
3824,JCWU
3825,QTOT
3826,YJKE
3827,MXIL
3828,KFEJ
3829,SLUT
3830,VIWB
3831,RGDX
3832,SUYO
3833,FHJJ
3834,GTYJ
3835,VVOE
3836,GFBD
3837,NEDQ
3838,TSHQ
3839,PEPP
3840,MYHD
3841,KXOL
3842,EMOP
3843,MEJF
3844,TDRN
3845,AANK
3846,JJFF
3847,ILYK
3848,RXIY
3849,RKTF
3850,NPZT
3851,ORJG
3852,SQAI
3853,TXAX
3854,XQPW
3855,SFPV
3856,MGWS
3857,QRPA
3858,DISD
3859,ZWJR
3860,FZMZ
3861,IJBL
3862,FBBR
3863,RCFU
3864,OVNP
3865,QJTZ
3866,APPT
3867,JYQR
3868,FFKD
3869,VDXT
3870,JPUS
3871,WOXP
3872,AHFX
3873,AKLY
3874,CHJH
3875,YKWL
3876,SJTD
3877,FRJF
3878,XUQG
3879,JLAS
3880,DRYY
3881,EGFL
3882,JLKP
3883,GPPF
3884,WDNX
3885,WZHS
3886,FDEI
3887,WFDE
3888,DTFV
3889,NTZV
3890,PVZX
3891,UFMC
3892,HDPR
3893,UWKU
3894,EREP
3895,KLFW
3896,SPVA
3897,ELML
3898,GNMF
3899,FTMM
3900,UCUI
3901,DTBH
3902,WPJY
3903,CLLT
3904,CKVY
3905,XSGP
3906,CDDX
3907,MJZB
3908,HFBH
3909,AVNV
3910,AQJA
3911,JCVE
3912,CYVA
3913,IARG
3914,IHWW
3915,BTQJ
3916,UQNH
3917,KRHT
3918,UZFL
3919,PIND
3920,RNKK
3921,SDFN
3922,TFEM
3923,YROH
3924,XWSN
3925,AWDD
3926,MNPF
3927,DDMX
3928,HAFS
3929,SQJX
3930,MYPJ
3931,IQWX
3932,GHTO
3933,ANYP
3934,DSFS
3935,SGVE
3936,GDDU
3937,MFOG
3938,BJBB
3939,ZTAE
3940,KQKB
3941,NNUO
3942,OCMY
3943,USKB
3944,VGVS
3945,AMVN
3946,JYRN
3947,TTFH
3948,NEQA
3949,REAK
3950,PSPD
3951,BRQS
3952,YHFY
3953,AGEP
3954,MCIE
3955,KKGM
3956,JHFL
3957,TZAZ
3958,JJZZ
3959,DIME
3960,NCYT
3961,VYTM
3962,GZGX
3963,CHPC
3964,RUPQ
3965,GMRA
3966,QDEF
3967,KDKY
3968,MBAZ
3969,EBKN
3970,MJUW
3971,YJUW
3972,EOUN
3973,VWVJ
3974,BCMW
3975,DLYE
3976,QLRL
3977,ESXN
3978,WJHS
3979,UYDF
3980,YGCC
3981,GNPW
3982,ZGPT
3983,IPFW
3984,HZRW
3985,ZIQK
3986,IXWV
3987,GFXF
3988,BUOO
3989,TATU
3990,WHFM
3991,XRWI
3992,HUYQ
3993,BCHG
3994,QVHI
3995,ZKQP
3996,NVGC
3997,IFRE
3998,KSSZ
3999,ZCCD
4000,SRYG
4001,VFLP
4002,WNMD
4003,YGNQ
4004,DAPR
4005,XDOD
4006,HCJR
4007,KEJU
4008,KGHA
4009,PZAW
4010,LABZ
4011,BIYJ
4012,JJTX
4013,LWNC
4014,TJCE
4015,UEAF
4016,YMPI
4017,YMWB
4018,FWEA
4019,XJRB
4020,ASYY
4021,HIVO
4022,SUKL
4023,BFQV
4024,PTTO
4025,EWZB
4026,MQDS
4027,ILVU
4028,DTDW
4029,QJXI
4030,ZQMW
4031,JBGH
4032,AWSH
4033,RUSZ
4034,ZVLP
4035,AKRY
4036,TGKE
4037,HVGN
4038,EVBI
4039,BWFV
4040,RCUC
4041,SBNF
4042,AJGH
4043,XQKI
4044,YIUB
4045,OLFR
4046,FOMY
4047,LMYR
4048,VKPF
4049,HKHL
4050,GUWK
4051,ZWMK
4052,KDGH
4053,AJEI
4054,AMXE
4055,LTLN
4056,NBGK
4057,DFII
4058,QYQA
4059,PCAE
4060,NYUX
4061,SGSB
4062,RFCP
4063,RNSK
4064,SUCA
4065,OGLP
4066,AQBO
4067,JZHM
4068,NNLC
4069,QSBR
4070,JEKI
4071,ZXIM
4072,TBFW
4073,OERS
4074,MTJP
4075,JTKD
4076,FRBF
4077,UHXO
4078,KOMF
4079,CVZR
4080,YQEY
4081,BSAJ
4082,HGKM
4083,AHDB
4084,BOBA
4085,QXYT
4086,FKHE
4087,PASK
4088,GDCL
4089,ZKXL
4090,GIPS
4091,HVUD
4092,XNMY
4093,PXJX
4094,LRKP
4095,YSEY
4096,YXAK
4097,FLJS
4098,UUEM
4099,IXBZ
4100,TSFK
4101,RXAT
4102,ELTK
4103,UBBH
4104,LTUA
4105,SMXZ
4106,LGIF
4107,HXXU
4108,QCDN
4109,QODG
4110,XSMC
4111,CNBI
4112,KAOK
4113,KFXV
4114,WMGR
4115,MKOM
4116,CJQI
4117,CRXX
4118,WZAR
4119,VHXO
4120,CUVR
4121,TBEP
4122,LEGN
4123,OHCA
4124,YNDK
4125,XFQZ
4126,YCXY
4127,UIJV
4128,DHHO
4129,BHST
4130,KVLQ
4131,ODWZ
4132,SLWU
4133,NFIW
4134,MJIA
4135,NZXC
4136,EGMP
4137,BKLW
4138,YOGU
4139,ALAW
4140,DUTM
4141,VXLQ
4142,THYP
4143,IQVQ
4144,KNFB
4145,GGSA
4146,TNAD
4147,TJUA
4148,JRQO
4149,YQYC
4150,ZJWE
4151,KRIK
4152,ZKJJ
4153,IUNN
4154,KMLL
4155,PXBF
4156,SJEU
4157,OMEQ
4158,BYHP
4159,ETIN
4160,BWLR
4161,AZUK
4162,YDWD
4163,AMHB
4164,QQIC
4165,BDOU
4166,LMMA
4167,IIDX
4168,EREE
4169,MMTY
4170,RTDU
4171,AEUG
4172,PIVR
4173,LUTE
4174,XAVD
4175,ZLZK
4176,DTPQ
4177,PXUU
4178,CNZT
4179,YZMS
4180,CKZM
4181,BKYS
4182,EMSD
4183,ANWG
4184,OHKD
4185,THTW
4186,JSQE
4187,TBZP
4188,OCRC
4189,GNQS
4190,ULZB
4191,GXQY
4192,OLHK
4193,BFNI
4194,LZPS
4195,URSJ
4196,HGOA
4197,YZLT
4198,AVIQ
4199,DUZR
4200,QVEB
4201,AHVE
4202,RTUX
4203,JRQV
4204,IVMP
4205,ZOSP
4206,EFMD
4207,PJYE
4208,TRUF
4209,VSAQ
4210,AFBU
4211,AZUC
4212,ERTB
4213,RAVR
4214,DRMA
4215,RUYW
4216,GKKU
4217,QWJN
4218,HJFM
4219,WTSF
4220,CKQL
4221,NCTA
4222,AGXH
4223,UIAW
4224,AZEE
4225,PKGX
4226,RDGO
4227,YRKK
4228,JCHB
4229,ULTW
4230,ERNZ
4231,XDMX
4232,DTEI
4233,LUID
4234,FSMM
4235,WOHA
4236,CZZE
4237,MKPQ
4238,YELR
4239,HLNZ
4240,FHNZ
4241,RUZI
4242,KFHO
4243,JPJX
4244,QGGY
4245,NVMQ
4246,RWEK
4247,PZPJ
4248,IJHH
4249,YGVQ
4250,XSEX
4251,LEHS
4252,CTVT
4253,KZWV
4254,ZJLO
4255,NWWP
4256,LVKK
4257,HLEW
4258,VDGQ
4259,PEQK
4260,PFRM
4261,JPYX
4262,OMVA
4263,BJBC
4264,FVHE
4265,YSVH
4266,GVLC
4267,JZEC
4268,HFPF
4269,NEYV
4270,WRDA
4271,XXUW
4272,PKFX
4273,BTQK
4274,TYEV
4275,LIET
4276,YEZA
4277,PDXS
4278,RBNQ
4279,CVMM
4280,USZZ
4281,KGGK
4282,LEAA
4283,NLSH
4284,RQYC
4285,KPKM
4286,TKZZ
4287,CTYI
4288,ZNZP
4289,BVOY
4290,ZYHB
4291,OHDS
4292,QVCC
4293,XDXD
4294,XBTR
4295,WTFF
4296,YHBU
4297,ZLRD
4298,EIIU
4299,BZMZ
4300,GHNI
4301,KTMQ
4302,CVIJ
4303,RUFE
4304,KRPM
4305,DYXV
4306,AOBO
4307,GZMK
4308,VRXY
4309,XQQQ
4310,JWAE
4311,BHOG
4312,WYJZ
4313,JVLK
4314,LVGT
4315,UCIG
4316,WMZM
4317,LBCO
4318,WZZZ
4319,VQPA
4320,VZGW
4321,HIMG
4322,AQMV
4323,FLIK
4324,EWJL
4325,JBRK
4326,XIFT
4327,UELG
4328,CQFC
4329,OJNM
4330,RMJQ
4331,ZGGN
4332,XQCY
4333,JEIP
4334,EPEN
4335,GSDZ
4336,IAQK
4337,ZFOS
4338,FZRA
4339,JDWD
4340,ACPP
4341,SYKK
4342,ANIK
4343,IOEY
4344,KWJK
4345,FNGD
4346,PVPK
4347,AMZM
4348,RDWD
4349,FYYK
4350,PPFM
4351,TRBM
4352,EHWY
4353,TJUJ
4354,IRQA
4355,SPXF
4356,DHPR
4357,QUUY
4358,YQUH
4359,UVTC
4360,NHSF
4361,NAGD
4362,MAUL
4363,CJMJ
4364,QRAV
4365,WQUZ
4366,RSJM
4367,XRZA
4368,RVYK
4369,FXCT
4370,PCQK
4371,PNPF
4372,SOAC
4373,XGQA
4374,LPDM
4375,CXRQ
4376,CXUL
4377,AKFM
4378,JQJN
4379,SPMJ
4380,SROI
4381,ZHUO
4382,YVLE
4383,YYZQ
4384,LIXF
4385,RTRC
4386,SRHV
4387,LXBJ
4388,SJUQ
4389,HORT
4390,HGLP
4391,XKME
4392,THNG
4393,DKJX
4394,ZEEA
4395,FOTR
4396,JZKU
4397,GXGA
4398,KKEL
4399,ASMO
4400,UARD
4401,MNNK
4402,ZPBB
4403,AFEC
4404,GSYE
4405,IATW
4406,FPFJ
4407,ZIKV
4408,PNPP
4409,XEWR
4410,CFAO
4411,AXTW
4412,WIEF
4413,OTWB
4414,EMXL
4415,IREL
4416,ZCBL
4417,YEWB
4418,VAXS
4419,IKNY
4420,FMSS
4421,IVTU
4422,TCCL
4423,APTL
4424,LXFU
4425,QKFP
4426,XILB
4427,NSUK
4428,HUBT
4429,HJHV
4430,ZIVI
4431,HRLP
4432,COQP
4433,KCAY
4434,ZXOR
4435,FEJZ
4436,XCWF
4437,MMAX
4438,JRPR
4439,DAHG
4440,ASYO
4441,UFQR
4442,VXTV
4443,GJTC
4444,KYTU
4445,AQRA
4446,KFZI
4447,QZEJ
4448,VMQA
4449,NQBM
4450,DVEG
4451,BAOP
4452,EVYI
4453,CRMC
4454,MRKB
4455,NLEU
4456,CEPJ
4457,NYWF
4458,ZDEJ
4459,ULFY
4460,TNNM
4461,EFTR
4462,BIKD
4463,QYER
4464,WAMY
4465,QOVH
4466,RFJO
4467,RRBI
4468,DXFB
4469,FZGC
4470,GGIL
4471,SDHI
4472,VHXD
4473,XRXW
4474,NNOJ
4475,ZKYL
4476,LKHF
4477,FWMC
4478,SGEX
4479,SXVG
4480,OFOV
4481,XNZB
4482,DOLO
4483,QBMZ
4484,VSOR
4485,GZTH
4486,YPUR
4487,AXJL
4488,SOZJ
4489,EVNQ
4490,BAGP
4491,CQFY
4492,BHZF
4493,KDKE
4494,ERKC
4495,BMHA
4496,AUYG
4497,ARIL
4498,GFXO
4499,HETI
4500,YTLL
4501,COGN
4502,ANGS
4503,ZNGY
4504,EFZP
4505,GCJF
4506,DTYI
4507,GPWR
4508,CDKC
4509,BRIR
4510,EFVG
4511,BNQE
4512,DJZX
4513,KLUD
4514,DGNF
4515,LRWF
4516,CRPW
4517,CGEG
4518,EFCE
4519,AAAP
4520,GUCE
4521,FHGY
4522,PSZV
4523,MPNK
4524,BLOC
4525,TXCL
4526,EWAW
4527,QWCE
4528,MLUF
4529,SYER
4530,TJIU
4531,ENFE
4532,XCXI
4533,METP
4534,YYNF
4535,FAHP
4536,UHRG
4537,ZYUM
4538,AASD
4539,NFJU
4540,MMUE
4541,PUJE
4542,CBTS
4543,JAHH
4544,WUUP
4545,KJNQ
4546,BSYU
4547,WDWY
4548,MUSW
4549,ILVE
4550,IOGS
4551,BXDW
4552,UQDI
4553,IRNX
4554,WBJJ
4555,QTNS
4556,HNZW
4557,PRMV
4558,XEDL
4559,WQDD
4560,RNIJ
4561,BBCY
4562,IJML
4563,DIBL
4564,QGBU
4565,KACS
4566,JWHL
4567,XBED
4568,AKQL
4569,LRUG
4570,VFUX
4571,ERSO
4572,HOTZ
4573,TLVD
4574,AYGN
4575,PQVJ
4576,CCVN
4577,YSHH
4578,WJNQ
4579,HQZN
4580,IFJP
4581,NATK
4582,HEXK
4583,DTAX
4584,YETO
4585,SLDL
4586,ATJS
4587,IQUN
4588,CDUI
4589,YDAB
4590,HYCM
4591,TPVU
4592,WWQB
4593,DMOB
4594,ESVC
4595,IVDB
4596,OXDS
4597,GLBF
4598,VLYA
4599,AOLC
4600,WZCX
4601,JNSI
4602,UIMJ
4603,RAAZ
4604,GQCM
4605,UGSC
4606,TKRM
4607,QRSH
4608,AAXE
4609,FKID
4610,WLZJ
4611,ZEXM
4612,JKPA
4613,ITNO
4614,BZAT
4615,JKDZ
4616,DPNZ
4617,DYIN
4618,MDWU
4619,GWXS
4620,TRKA
4621,CMHT
4622,PKMJ
4623,WAQC
4624,EWUW
4625,SUYG
4626,RHXW
4627,HFLC
4628,AFFT
4629,RYDO
4630,GZTL
4631,SLHI
4632,SWGY
4633,BSAL
4634,COMQ
4635,FTRI
4636,KXZV
4637,IGHT
4638,EHMY
4639,QARK
4640,EBSM
4641,KRHW
4642,OIZY
4643,WXIJ
4644,XOZC
4645,XNUI
4646,BYBC
4647,TFED
4648,KLUP
4649,PHHP
4650,CRMY
4651,TACC
4652,KHPY
4653,RXPP
4654,YGWO
4655,VQUS
4656,QBYS
4657,RSFR
4658,FRVQ
4659,ZNIX
4660,XURB
4661,GOTV
4662,NCQY
4663,ZGHA
4664,OLXD
4665,IQNA
4666,DOTW
4667,ZEVN
4668,VKWM
4669,QQSC
4670,HSJD
4671,IFPL
4672,JPYG
4673,XMST
4674,YVFL
4675,YMKL
4676,AFZP
4677,REUY
4678,ELRI
4679,KHCF
4680,IFTP
4681,QHID
4682,BDIT
4683,LTLL
4684,JMFB
4685,HWSW
4686,KUSH
4687,PRTC
4688,DTNA
4689,IVZW
4690,RQXK
4691,JRKJ
4692,XKXM
4693,CKHN
4694,ESWL
4695,RMCI
4696,PKHR
4697,RNZW
4698,EYPX
4699,UZJR
4700,IVEQ
4701,XGCL
4702,PQNY
4703,PKWO
4704,IRNA
4705,RCMT
4706,FSRT
4707,XFYO
4708,HVSY
4709,YMQV
4710,FSVP
4711,OCOR
4712,BNOL
4713,NJPQ
4714,BNZM
4715,MWPF
4716,UBKC
4717,TCLZ
4718,ORQV
4719,RDZZ
4720,HWBY
4721,MKVQ
4722,SBGM
4723,GPNA
4724,NRDL
4725,UTZY
4726,CRIW
4727,GUWJ
4728,GJIS
4729,DZEK
4730,ARGX
4731,OMLZ
4732,BUGW
4733,LECH
4734,TLOT
4735,WEFB
4736,LOZF
4737,VIQD
4738,WYPN
4739,SHAF
4740,RXND
4741,CAEO
4742,BAZN
4743,NHEZ
4744,PKQN
4745,MWMH
4746,FGYP
4747,GCYE
4748,RMSG
4749,QXSJ
4750,LYIT
4751,RJXJ
4752,XYQV
4753,DMUO
4754,SPVI
4755,AHWS
4756,GLIP
4757,IOLC
4758,GBBZ
4759,OBUV
4760,NBMK
4761,OSUA
4762,VQYJ
4763,WIFQ
4764,EQEG
4765,EJJM
4766,NIPU
4767,DGHH
4768,OYDK
4769,GIXT
4770,TALY
4771,FFQD
4772,QGER
4773,UCIH
4774,GLJK
4775,FRGP
4776,JLKT
4777,GJFT
4778,EOWF
4779,UESJ
4780,WIYZ
4781,JCVL
4782,QKNV
4783,DQWZ
4784,DHFP
4785,VHPO
4786,KHRY
4787,MVXX
4788,IDLZ
4789,GIFV
4790,BLBH
4791,VJUC
4792,SQPM
4793,RSPY
4794,SNZE
4795,TLRA
4796,PDOX
4797,RNGL
4798,BUJK
4799,MAJJ
4800,GVUK
4801,RRDX
4802,HXRI
4803,YSLO
4804,FAIB
4805,KXHK
4806,LNJD
4807,UEGD
4808,CJFU
4809,YWMX
4810,IRYL
4811,YAJT
4812,NVRV
4813,MIGO
4814,HFFI
4815,CQMJ
4816,MLFL
4817,HMWI
4818,CTHP
4819,RZPN
4820,FVZT
4821,OSLC
4822,YLGL
4823,QSFS
4824,DXJJ
4825,TOEZ
4826,NNSY
4827,GWCY
4828,ZCLY
4829,KUQU
4830,AIBI
4831,GDTI
4832,UGNW
4833,ILAH
4834,XUNH
4835,WCOU
4836,DKGM
4837,AMJV
4838,YQXM
4839,UERZ
4840,RMEC
4841,XFYE
4842,SKTA
4843,HXRV
4844,IVOS
4845,CBEA
4846,MSCU
4847,NIAR
4848,TDCC
4849,DVCA
4850,RCUY
4851,HSWN
4852,XGGG
4853,OELN
4854,KGCJ
4855,LWIU
4856,OQGM
4857,BYBX
4858,JEJG
4859,HBDJ
4860,WNXS
4861,LHNV
4862,SNZP
4863,PQZU
4864,XUTR
4865,PULY
4866,WOWE
4867,LTZS
4868,MRMB
4869,XKXV
4870,HQZS
4871,YGLQ
4872,GGGD
4873,MEBX
4874,WIZY
4875,WZDG
4876,DGKR
4877,OLZY
4878,WDTN
4879,UZZC
4880,WJUN
4881,KLIH
4882,QFMB
4883,TRYA
4884,QDGV
4885,YHQT
4886,SBXL
4887,MWKA
4888,UJML
4889,GGID
4890,LCLR
4891,QFED
4892,JCGV
4893,GXYH
4894,KAQH
4895,JWQM
4896,YNVE
4897,VXKW
4898,TGXP
4899,HVNO
4900,ZHNY
4901,RKOH
4902,IFDP
4903,EKRZ
4904,BRGJ
4905,NORC
4906,GJXR
4907,IOSX
4908,EORG
4909,CAPH
4910,OPNI
4911,VCZU
4912,DPTI
4913,PCDB
4914,ZDYZ
4915,CSPK
4916,LLWN
4917,WEMK
4918,YFFO
4919,GFLZ
4920,XCHY
4921,DHMO
4922,ICQR
4923,UQOQ
4924,GIIX
4925,BAFA
4926,KULP
4927,TFTG
4928,HJTK
4929,NVGJ
4930,YSNP
4931,PTSV
4932,ISBS
4933,SERA
4934,LLUQ
4935,QJOX
4936,UGDR
4937,RAJA
4938,OCTX
4939,PAGO
4940,CKHW
4941,LHCB
4942,DUMC
4943,QJSA
4944,UGHQ
4945,KFBV
4946,HCKJ
4947,HVUZ
4948,JZPE
4949,FYAG
4950,KTQP
4951,HEEL
4952,SEKZ
4953,JQUQ
4954,BLOD
4955,ZFXG
4956,ANWO
4957,OAXC
4958,PGSN
4959,FWTX
4960,PYAX
4961,KHYF
4962,HVVX
4963,GXAG
4964,BEVA
4965,YRWS
4966,QDUR
4967,YQCF
4968,FZDU
4969,FSHF
4970,LWOM
4971,JMTV
4972,AORO
4973,ULCJ
4974,CHVJ
4975,XMNF
4976,QJPE
4977,ZUZO
4978,HEUM
4979,TTIR
4980,COHE
4981,NNBP
4982,PEXI
4983,SXOX
4984,WEHW
4985,CCSP
4986,LWUP
4987,TGBA
4988,DXPB
4989,FWYC
4990,GRUH
4991,IYZJ
4992,FSLU
4993,NIBV
4994,CRGT
4995,CNCZ
4996,PTBM
4997,OYJS
4998,UPVB
4999,MJXP
5000,OELU
5001,XPNZ
5002,ZQME
5003,AOJN
5004,LLNA
5005,FVGP
5006,OEAH
5007,XJBF
5008,CPOF
5009,NARA
5010,UMWP
5011,OYYU
5012,DUXS
5013,JTRS
5014,DVZL
5015,YMKT
5016,ASNP
5017,MJME
5018,ETVK
5019,QUXX
5020,MVRK
5021,SBHT
5022,YFPA
5023,AKAK
5024,MRXL
5025,GWCN
5026,JKRL
5027,OWBH
5028,KSXU
5029,AYKP
5030,TOCS
5031,HPTX
5032,WPXQ
5033,KOPN
5034,JEYO
5035,VJKX
5036,ACIV
5037,SHUK
5038,JAEU
5039,JQDN
5040,YMWS
5041,GJCS
5042,RUML
5043,EWVR
5044,EUTM
5045,QJDT
5046,ZLOU
5047,FZGH
5048,NMAU
5049,CHHC
5050,KJEH
5051,YVZZ
5052,WOUO
5053,EQBQ
5054,FGLW
5055,VVUN
5056,WFRI
5057,BIBE
5058,NPIN
5059,UTZI
5060,DRJN
5061,ROQY
5062,BTZB
5063,AVKU
5064,KFAD
5065,FNVI
5066,RBJH
5067,KFQI
5068,QDUU
5069,PYQE
5070,NYZU
5071,LLDU
5072,CZTN
5073,QYHE
5074,ORMQ
5075,OPVO
5076,MOII
5077,ALKJ
5078,GMJC
5079,EMBH
5080,XRVV
5081,BRQI
5082,TAIW
5083,RCZN
5084,XXCU
5085,DUHH
5086,XXRZ
5087,JDLO
5088,OSMC
5089,UAQM
5090,FMGE
5091,DONW
5092,LAJG
5093,SIRZ
5094,MZQL
5095,BCWK
5096,EDED
5097,RJGE
5098,PQOB
5099,VLIP
5100,RJKP
5101,XLNI
5102,JNMQ
5103,SBJT
5104,OAJH
5105,UOHZ
5106,TGMY
5107,ATMX
5108,WRZJ
5109,ISPL
5110,RMMI
5111,IBHB
5112,ESKN
5113,PEYP
5114,BSEN
5115,TFEK
5116,DNKP
5117,MAMT
5118,FTNZ
5119,CKGM
5120,FIOZ
5121,RZLT
5122,ZJMA
5123,CWOM
5124,ROLF
5125,PPHG
5126,OHGZ
5127,GEQY
5128,NCRT
5129,FQSP
5130,OAEJ
5131,EKNP
5132,DFBQ
5133,CEIW
5134,XYBB
5135,TRSB
5136,KBRJ
5137,HECL
5138,DGYH
5139,VHWS
5140,ZNCW
5141,SHGY
5142,BCSR
5143,PXUS
5144,FHBE
5145,VIVO
5146,KEYZ
5147,EDMO
5148,JNIK
5149,PJSJ
5150,UREB
5151,VXKF
5152,RAYF
5153,LYBM
5154,MFAX
5155,BZEP
5156,ESQO
5157,KNSG
5158,MRAU
5159,EHZK
5160,OJGN
5161,ADJR
5162,OWDE
5163,DBDF
5164,EWZD
5165,NZJC
5166,CFCQ
5167,ZOBC
5168,KCVG
5169,THYH
5170,VROM
5171,DFDC
5172,XZRW
5173,LSNE
5174,ZKKO
5175,HLBA
5176,KUZJ
5177,TJOU
5178,PPRS
5179,GCVY
5180,PDRO
5181,HZFY
5182,EFAS
5183,KPJC
5184,ZTTA
5185,VVEV
5186,RMDB
5187,RQOT
5188,LLYQ
5189,YLOS
5190,FBEH
5191,CRZB
5192,EXBF
5193,MOXI
5194,NVKT
5195,JBXD
5196,JXZI
5197,QXAC
5198,LOHX
5199,LSSQ
5200,ZVHT
5201,AFEK
5202,WBLE
5203,SVIP
5204,TMYE
5205,BQJN
5206,HHDU
5207,BMYL
5208,HOZL
5209,SLHF
5210,NWOA
5211,QLPW
5212,RMRU
5213,DVEE
5214,ZMGD
5215,MMMZ
5216,NHSA
5217,RBVD
5218,DSPZ
5219,HJHX
5220,IBZZ
5221,UVYP
5222,DTAH
5223,PPFS
5224,ZHZE
5225,ICRF
5226,JBUX
5227,XMWR
5228,MDUG
5229,XMSH
5230,GWMC
5231,EUEL
5232,YXMB
5233,WABH
5234,PGFJ
5235,ANNP
5236,ICJJ
5237,FDXN
5238,VKCZ
5239,WWRP
5240,OSEV
5241,PRWY
5242,PQDY
5243,MFOM
5244,MMEE
5245,JAGF
5246,PTDS
5247,KLCK
5248,VQCE
5249,DGVP
5250,NNKV
5251,JMRE
5252,SJFH
5253,SGTU
5254,UWHY
5255,CRSR
5256,FWQN
5257,CNJG
5258,HWEY
5259,MKHM
5260,HKBG
5261,LAYJ
5262,ZHZC
5263,NZVB
5264,ZMNR
5265,SCMS
5266,CYPI
5267,GXRW
5268,OUJI
5269,CTFQ
5270,BQZZ
5271,YAWI
5272,QSZV
5273,BLOD
5274,JOJA
5275,JZSU
5276,UYFH
5277,XTCD
5278,VCJC
5279,THZC
5280,QVBQ
5281,UYKL
5282,IUTQ
5283,NYWA
5284,LCHW
5285,ODXP
5286,WIBU
5287,WUTI
5288,VMDL
5289,CAQQ
5290,DSBX
5291,FGYT
5292,RPNO
5293,IVMC
5294,TTUO
5295,IDFF
5296,SGIN
5297,FTUG
5298,XQYU
5299,HPCX
5300,CQXA
5301,VXTH
5302,TSKS
5303,PAFP
5304,TVQW
5305,EIHJ
5306,XECP
5307,OHMY
5308,TLLY
5309,UUOS
5310,SAEW
5311,MMPG
5312,OZUH
5313,HSIQ
5314,EWKV
5315,MESZ
5316,DWGP
5317,JIVI
5318,NJSP
5319,GWXI
5320,EEVF
5321,XTED
5322,OXVF
5323,FOBH
5324,NBME
5325,HYJT
5326,PUFP
5327,BWIT
5328,LMBB
5329,THNZ
5330,DJIN
5331,WJLS
5332,QDCU
5333,MNIR
5334,PSGM
5335,NDXX
5336,PRSM
5337,ZIAA
5338,DYLK
5339,GMUF
5340,WXQI
5341,HGAI
5342,RISY
5343,BBLY
5344,DBBV
5345,DEUJ
5346,TBBB
5347,GBXV
5348,STRE
5349,XCDD
5350,XWDQ
5351,IJBF
5352,GGEY
5353,AIOO
5354,BZNS
5355,VSTE
5356,MITL
5357,OIAG
5358,CVKI
5359,BKHA
5360,BGFW
5361,CQDZ
5362,HJLV
5363,NZTT
5364,YDYT
5365,MMJA
5366,LBWE
5367,JYIU
5368,MFKW
5369,JPTF
5370,CCSF
5371,PATT
5372,EBDD
5373,IRDV
5374,HLUM
5375,YEJW
5376,PTSY
5377,SXJP
5378,WFXO
5379,QGAU
5380,KEWY
5381,TBSO
5382,GBYT
5383,RKOP
5384,SVOA
5385,WTNV
5386,QGJO
5387,NNEI
5388,KYQU
5389,ZEBA
5390,RFXR
5391,RFSC
5392,YSBU
5393,YUKY
5394,PHFU
5395,JVYS
5396,MBTJ
5397,FEUM
5398,ZPAH
5399,FBBD
5400,XADF
5401,KGYP
5402,NKOG
5403,WGIW
5404,AUUG
5405,MHDW
5406,RWQM
5407,KKJR
5408,EQYN
5409,KXJF
5410,AFAT
5411,YYNF
5412,GSSR
5413,KIHS
5414,ODSD
5415,SUTR
5416,LKGU
5417,YLXU
5418,FEQS
5419,MOHH
5420,YVCS
5421,EYFT
5422,SRRI
5423,OEKB
5424,TCSC
5425,XNOD
5426,UZXL
5427,SWVL
5428,RJMY
5429,GYLT
5430,ORSL
5431,LDTV
5432,FFGX
5433,RNCO
5434,PGRC
5435,ZGPQ
5436,QYAK
5437,FCTX
5438,YUBP
5439,VAFO
5440,RORD
5441,EKYH
5442,QOJX
5443,WTKI
5444,SIVQ
5445,CLCN
5446,SMIE
5447,JXYQ
5448,BDKK
5449,VRMY
5450,WGDQ
5451,JYYD
5452,MFXV
5453,YQYU
5454,SWQO
5455,FEUC
5456,TXBH
5457,HFSG
5458,YWZL
5459,EVYC
5460,AAYG
5461,VQZO
5462,PUKL
5463,CDAQ
5464,IVOR
5465,XERF
5466,ZVBC
5467,OYFT
5468,ORZI
5469,HDUA
5470,AZUP
5471,GQLE
5472,ZOCF
5473,YWPI
5474,AVVH
5475,WUUF
5476,SLKM
5477,ATKB
5478,YAWG
5479,LTYF
5480,IRRX
5481,VEJQ
5482,AEQG
5483,FAAC
5484,MEBV
5485,FPYJ
5486,XKHA
5487,NAMD
5488,ELDU
5489,VWMX
5490,UDWK
5491,CEVS
5492,YMTO
5493,QAZP
5494,VVKL
5495,FUHQ
5496,UGPP
5497,LWYH
5498,NLGG
5499,ANVT
5500,NMTE
5501,CABX
5502,UQRI
5503,ZLGA
5504,GBOH
5505,GUQZ
5506,AQJG
5507,HSPW
5508,CBOB
5509,OLYT
5510,ADBY
5511,YFPR
5512,FZJJ
5513,DRNU
5514,LTNI
5515,GOKB
5516,ECSV
5517,CRKX
5518,SQXD
5519,JSBA
5520,ZZMD
5521,ERRC
5522,WQPO
5523,FJND
5524,JITE
5525,FOEI
5526,IMTF
5527,KFTZ
5528,IQHL
5529,WQAR
5530,LGIA
5531,AADL
5532,CWBA
5533,HQGF
5534,BULX
5535,CUPS
5536,DBUQ
5537,YVED
5538,FSZV
5539,AGUR
5540,FEWI
5541,LCLU
5542,NZKE
5543,OXMN
5544,UCHZ
5545,UKGO
5546,UZFG
5547,EFNO
5548,ZQYG
5549,GSHN
5550,AYZS
5551,QDVW
5552,YLRR
5553,MCPW
5554,KXEK
5555,YZNU
5556,XTTU
5557,IVFK
5558,ZLOW
5559,CIUS
5560,FOIK
5561,WXQO
5562,CKCL
5563,WVRV
5564,UNLR
5565,POUW
5566,QGZX
5567,BTCD
5568,CUOM
5569,QMCZ
5570,FOEH
5571,CAVJ
5572,VYFW
5573,OFXH
5574,WKJI
5575,GHBE
5576,UGZH
5577,EJBL
5578,VBWC
5579,XORE
5580,IWRT
5581,QYMR
5582,QQFA
5583,NKSR
5584,ASBR
5585,VJYK
5586,JSVD
5587,VKQJ
5588,ZTWB
5589,NEVO
5590,MOHG
5591,QGMW
5592,JYCL
5593,PVWO
5594,LVQF
5595,NSCL
5596,DJDY
5597,SDUV
5598,EOUI
5599,ASEC
5600,XUUO
5601,NYPH
5602,YMOK
5603,UMCV
5604,TCFP
5605,WRNU
5606,QCMQ
5607,KTVR
5608,HECJ
5609,RJWX
5610,PNYC
5611,VBXC
5612,GQAU
5613,NWYW
5614,RCBU
5615,BQMG
5616,EBMW
5617,BQFS
5618,GGZO
5619,LSRE
5620,KTAS
5621,HIEZ
5622,KWOD
5623,LHQQ
5624,VZBY
5625,ZNHU
5626,TKVW
5627,XOQX
5628,AJVY
5629,DDUX
5630,ACOA
5631,SKVU
5632,ZNBJ
5633,KUDX
5634,FWAB
5635,LNPF
5636,DMPH
5637,KCSB
5638,XRYW
5639,CDJU
5640,UQCL
5641,QVWZ
5642,MSQP
5643,JIHA
5644,QLBO
5645,DYIP
5646,VYOO
5647,VBRU
5648,BIRU
5649,LWYW
5650,QGLB
5651,CHJS
5652,QJSM
5653,FISC
5654,UZBC
5655,PVLJ
5656,FSXZ
5657,BHZS
5658,HABJ
5659,FIUB
5660,MRWU
5661,FXQU
5662,SWXC
5663,KYHQ
5664,LNAA
5665,ZSPD
5666,QPXD
5667,BLYT
5668,YPTB
5669,WWQX
5670,BWRI
5671,LSDI
5672,BNMB
5673,DUXZ
5674,EVYO
5675,QOGN
5676,HLUR
5677,EWQV
5678,DLDR
5679,VBBN
5680,GVSW
5681,FBDX
5682,WHWP
5683,RPZT
5684,NIAD
5685,RGYP
5686,GOYS
5687,QJYK
5688,KSNL
5689,MUBG
5690,QXVT
5691,DAYZ
5692,KLDZ
5693,NXEF
5694,CGPI
5695,CIHZ
5696,CDSA
5697,VEXC
5698,XIMA
5699,FUQS
5700,EOAR
5701,KVOZ
5702,LUKM
5703,DRBC
5704,THGZ
5705,JKKW
5706,HZVE
5707,GGTJ
5708,FCDP
5709,ZOOO
5710,ONTD
5711,UVJF
5712,DTNC
5713,QCCP
5714,ECZG
5715,UQLO
5716,RNPJ
5717,ZHVF
5718,XPEJ
5719,EZHG
5720,TWMI
5721,IHEQ
5722,HMVY
5723,MVHI
5724,JNSQ
5725,BTKH
5726,KLGL
5727,KAXM
5728,KOXU
5729,ADUD
5730,OAQG
5731,HCWN
5732,BCUQ
5733,HBPE
5734,HGNQ
5735,UQDP
5736,YCFN
5737,WGGJ
5738,UTVG
5739,MFDK
5740,NYAV
5741,UAXX
5742,FFOP
5743,NIJB
5744,EGER
5745,DKVY
5746,ZPJE
5747,UAIJ
5748,TKOH
5749,WFYY
5750,IRZX
5751,MRYO
5752,HGYR
5753,QKCJ
5754,HCWT
5755,GGEK
5756,SOJA
5757,IOXZ
5758,TCVU
5759,WBLH
5760,USIG
5761,LJCG
5762,VGHM
5763,ZBUI
5764,WANW
5765,NXFD
5766,NUFC
5767,KPUA
5768,YRGZ
5769,DQSD
5770,UMSN
5771,RFJZ
5772,QEOR
5773,CZHY
5774,DJHV
5775,UZQO
5776,PZCX
5777,JSMC
5778,AALV
5779,DBSH
5780,CBMX
5781,GSTJ
5782,CBTY
5783,TERY
5784,BZVM
5785,ZIMH
5786,NCCW
5787,BGUP
5788,NMPA
5789,QOHM
5790,DZEW
5791,HDEI
5792,WUNN
5793,KRWC
5794,OUOS
5795,URBM
5796,MVIM
5797,SRAF
5798,ZEXA
5799,PXBY
5800,PCBJ
5801,MTLI
5802,IPZS
5803,BZFZ
5804,NWGP
5805,NHEG
5806,SALN
5807,PKOY
5808,TCJL
5809,GNOG
5810,BDAX
5811,NIIV
5812,ZUMA
5813,JIMM
5814,XINY
5815,HLMK
5816,UQVN
5817,CYJT
5818,OJFP
5819,NSIY
5820,AJKS
5821,XNZQ
5822,CABJ
5823,VDHQ
5824,OVUD
5825,FPVD
5826,LIGN
5827,DIUW
5828,EVYZ
5829,FBFL
5830,RHAT
5831,BVSE
5832,LAIO
5833,JWWM
5834,EXWF
5835,PDLV
5836,FKSY
5837,XDKG
5838,HNKT
5839,PCGB
5840,NIYF
5841,RXNM
5842,XJQX
5843,RLOL
5844,QCVU
5845,JFFN
5846,EHIM
5847,JBSS
5848,SSCS
5849,LWPD
5850,VLZW
5851,FALD
5852,RVGM
5853,UBNG
5854,DMJA
5855,EVSU
5856,JNGU
5857,MBXI
5858,RPGU
5859,PJMB
5860,ZMCQ
5861,SPVU
5862,IRDU
5863,THAR
5864,NJLO
5865,WRGM
5866,XZIY
5867,MBLW
5868,UWOZ
5869,AKID
5870,WUMS
5871,QEYJ
5872,YAEU
5873,XUZW
5874,CJEB
5875,UPEX
5876,ACED
5877,SSOV
5878,EFKE
5879,DRTT
5880,HLWM
5881,SXVO
5882,DOLV
5883,NYDD
5884,MXLL
5885,BYBW
5886,SWCS
5887,RLEU
5888,NKLA
5889,TYOJ
5890,KCOA
5891,LZOC
5892,MVOF
5893,GKOM
5894,SXXV
5895,YHKI
5896,CZBU
5897,NKGZ
5898,USCX
5899,GKET
5900,QNEJ
5901,EKSG
5902,AFDL
5903,XUVQ
5904,JUDH
5905,MCCU
5906,CZFX
5907,BCVE
5908,KJUL
5909,XBIH
5910,NEKL
5911,HYVY
5912,TTYB
5913,UBPN
5914,RFFN
5915,TACN
5916,VJFM
5917,FSRG
5918,IKLP
5919,NWNN
5920,RSOK
5921,YVRM
5922,QMOJ
5923,YAND
5924,BPDE
5925,GEOA
5926,DBJY
5927,ELYE
5928,MCYJ
5929,MJHN
5930,RYXX
5931,NSWY
5932,FUNH
5933,ZEGH
5934,NPUG
5935,JGXR
5936,KXJD
5937,KFED
5938,ADYZ
5939,KHWG
5940,FJVI
5941,GBNM
5942,LMCI
5943,MRFQ
5944,GHWN
5945,OSBK
5946,YDVC
5947,YARH
5948,FAYD
5949,KLMT
5950,XLYE
5951,TBIR
5952,UOKC
5953,EFFN
5954,GHTD
5955,QVTD
5956,BTXN
5957,HOVE
5958,OYFY
5959,EQOD
5960,JZJG
5961,OCNP
5962,MNHA
5963,YQPO
5964,KZNL
5965,OWVE
5966,EXTI
5967,SIES
5968,CVUX
5969,BKPE
5970,XHST
5971,VUOE
5972,JFMN
5973,AKOF
5974,HTKZ
5975,BEJR
5976,HQSE
5977,TSMI
5978,HKWV
5979,YEKJ
5980,XIRB
5981,KJAL
5982,LICT
5983,ATHG
5984,BZLP
5985,OGUF
5986,SWVW
5987,YXHV
5988,ZWUS
5989,VYMT
5990,DHIF
5991,TXPN
5992,SJOW
5993,AVDU
5994,KHNK
5995,TKKM
5996,ZIRO
5997,ZQWQ
5998,QWDQ
5999,USNP
